Accerton,null,railACC,ACC,rail40north,null,null,,,
Accerton,null,railACC,ACC,rail40south,null,null,,,
,,,,,,,,,
Achowalogen Takachsin,Digipool,railDIG,DIG,rail33north,null,null,,,
Achowalogen Takachsin,Digipool,railDIG,DIG,rail33south,null,null,,,
,,,,,,,,,
Achowalogen Takachsin,Downtown Solarion,railDSL,DSL,rail29north,null,null,,,
Achowalogen Takachsin,Downtown Solarion,railDSL,DSL,rail29south,null,null,,,
Achowalogen Takachsin,Downtown Solarion,railDSL,DSL,rail34north,null,null,,,
Achowalogen Takachsin,Downtown Solarion,railDSL,DSL,rail34south,null,null,,,
,,,,,,,,,
Achowalogen Takachsin,Merchant City,railMER,MER,rail33north,Track 4,null,,,
Achowalogen Takachsin,Merchant City,railMER,MER,rail33south,Track 1,null,,,
Achowalogen Takachsin,Merchant City,railMER,MER,rail39north,Track 3,null,,,
Achowalogen Takachsin,Merchant City,railMER,MER,rail39south,Track 2,null,,,
,,,,,,,,,
Achowalogen Takachsin,Outer Solarion,railOSL,OSL,rail29north,null,null,,,
Achowalogen Takachsin,Outer Solarion,railOSL,OSL,rail29south,null,null,,,
,,,,,,,,,
Achowalogen Takachsin,Suburb,railATS,ATS,rail29north,null,null,,,
Achowalogen Takachsin,Suburb,railATS,ATS,rail29south,null,null,,,
,,,,,,,,,
Achowalogen Takachsin,West,railATW,ATW,rail29north,null,null,,,
Achowalogen Takachsin,West,railATW,ATW,rail29south,null,null,,,
,,,,,,,,,
Achowalogen Takachsin-Covina,Downtown,railATD,ATD,rail29north,null,null,Achowalogen Takachsin,Covina,
Achowalogen Takachsin-Covina,Downtown,railATD,ATD,rail29south,null,null,Achowalogen Takachsin,Covina,
,,,,,,,,,
Achowalogen Takachsin-Covina,International Airport,railATC,ATC,rail29north,null,null,Achowalogen Takachsin,Covina,
Achowalogen Takachsin-Covina,International Airport,railATC,ATC,rail29south,null,null,Achowalogen Takachsin,Covina,
Achowalogen Takachsin-Covina,International Airport,railATC,ATC,rail32north,null,null,Achowalogen Takachsin,Covina,
Achowalogen Takachsin-Covina,International Airport,railATC,ATC,rail32south,null,null,Achowalogen Takachsin,Covina,
Achowalogen Takachsin-Covina,International Airport,railATC,ATC,rail34north,null,null,Achowalogen Takachsin,Covina,
Achowalogen Takachsin-Covina,International Airport,railATC,ATC,rail34south,null,null,Achowalogen Takachsin,Covina,
Achowalogen Takachsin-Covina,International Airport,railATC,ATC,rail38north,null,null,Achowalogen Takachsin,Covina,
Achowalogen Takachsin-Covina,International Airport,railATC,ATC,rail38south,null,null,Achowalogen Takachsin,Covina,
Achowalogen Takachsin-Covina,International Airport,railATC,ATC,rail39north,null,null,Achowalogen Takachsin,Covina,
Achowalogen Takachsin-Covina,International Airport,railATC,ATC,rail39south,null,null,Achowalogen Takachsin,Covina,
,,,,,,,,,
Addison,null,railADD,ADD,rail66west,null,null,,,
Addison,null,railADD,ADD,rail66east,null,null,,,
,,,,,,,,,
Aeolia,null,railAEO,AEO,rail51west,Track 1,null,,,
Aeolia,null,railAEO,AEO,rail51east,Track 4,null,,,
,,,,,,,,,
Airchester,Airfield,railACA,ACA,rail40north,null,null,Poem Wall,,
Airchester,Airfield,railACA,ACA,rail40south,null,null,Poem Wall,,
,,,,,,,,,
Airchester,Central,railACH,ACH,rail38north,Track 1,null,,,
Airchester,Central,railACH,ACH,rail38south,Track 4,null,,,
Airchester,Central,railACH,ACH,rail40north,Track 2,null,,,
Airchester,Central,railACH,ACH,rail40south,Track 3,null,,,
,,,,,,,,,
Alexandriasburg,null,railALX,ALX,mcr4north,null,null,,,
Alexandriasburg,null,railALX,ALX,mcr4south,null,null,,,
,,,,,,,,,
Amestris,Cummins Highway,railAMC,AMC,rail12west,null,null,,,
Amestris,Cummins Highway,railAMC,AMC,rail12east,null,null,,,
,,,,,,,,,
Amestris,Washington Street,railAMW,AMW,rail6north,null,null,,,
Amestris,Washington Street,railAMW,AMW,rail6south,null,null,,,
,,,,,,,,,
Anthro Island,Airport,railAIS,AIS,rail67north,null,null,,,
Anthro Island,Airport,railAIS,AIS,rail67south,null,null,,,
,,,,,,,,,
Anthro Island,City Hall,railAIL,AIL,rail67north,null,null,,,
Anthro Island,City Hall,railAIL,AIL,rail67south,null,null,,,
,,,,,,,,,
Antioch,Union Station,railANT,ANT,rail29north,Track 16,null,,,
Antioch,Union Station,railANT,ANT,rail29south,Track 9,null,,,
Antioch,Union Station,railANT,ANT,rail43west,Track 8,null,,,
Antioch,Union Station,railANT,ANT,rail43east,Track 1,null,,,
,,,,,,,,,
Aprix,null,railAPX,APX,rail11north,null,null,,,
Aprix,null,railAPX,APX,rail11south,null,null,,,
,,,,,,,,,
Arcadia,City Hall,railARC,ARC,rail51west,Track 3,null,,,
Arcadia,City Hall,railARC,ARC,rail51east,Track 2,null,,,
Arcadia,City Hall,railARC,ARC,rail52west,Track 4,null,,,
Arcadia,City Hall,railARC,ARC,rail52east,Track 1,null,,,
,,,,,,,,,
Arcadia,Dana Point,railDNA,DNA,rail51west,null,null,,,
Arcadia,Dana Point,railDNA,DNA,rail51east,null,null,,,
Arcadia,Dana Point,railDNA,DNA,rail52west,null,null,,,
Arcadia,Dana Point,railDNA,DNA,rail52east,null,null,,,
,,,,,,,,,
Arendale,null,railARN,ARN,rail56north,null,null,,,
Arendale,null,railARN,ARN,rail56south,null,null,,,
,,,,,,,,,
Armada,null,railAMD,AMD,rail26north,Track 4,null,,,
Armada,null,railAMD,AMD,rail26south,Track 1,null,,,
Armada,null,railAMD,AMD,rail56north,Track 3,null,,,
Armada,null,railAMD,AMD,rail56south,Track 2,null,,,
,,,,,,,,,
Ashmore,null,railASH,ASH,rail6north,Track 2,null,,,
Ashmore,null,railASH,ASH,rail6south,Track 1,null,,,
,,,,,,,,,
Aston,null,railASN,ASN,rail58north,null,null,,,
Aston,null,railASN,ASN,rail58south,null,null,,,
,,,,,,,,,
Astoria,null,railAST,AST,rail4west,Track 2,null,,,
Astoria,null,railAST,AST,rail4east,Track 1,null,,,
Astoria,null,railAST,AST,rail49north,Track 3,null,,,
Astoria,null,railAST,AST,rail49south,Track 6,null,,,
Astoria,null,railAST,AST,rail50north,Track 4,null,,,
Astoria,null,railAST,AST,rail50south,Track 5,null,,,
,,,,,,,,,
Asuka,null,railASK,ASK,rail32north,null,null,,,
Asuka,null,railASK,ASK,rail32south,null,null,,,
,,,,,,,,,
Auckland,null,railAUC,AUC,rail32north,null,null,,,
Auckland,null,railAUC,AUC,rail32south,null,null,,,
,,,,,,,,,
Aurora,null,railAUR,AUR,rail66west,null,null,,,
Aurora,null,railAUR,AUR,rail66east,null,null,,,
,,,,,,,,,
Bakersville,Fairfield Airfield,railBFA,BFA,rail12west,Track 2,null,,,
Bakersville,Fairfield Airfield,railBFA,BFA,rail12east,Track 3,null,,,
Bakersville,Fairfield Airfield,railBFA,BFA,rail14north,Track 4,null,,,
Bakersville,Fairfield Airfield,railBFA,BFA,rail14south,Track 1,null,,,
,,,,,,,,,
Bakersville,Grand Central,railGCT,GCT,rail12west,Track 12,null,,,
Bakersville,Grand Central,railGCT,GCT,rail12east,Track 12,null,,,
Bakersville,Grand Central,railGCT,GCT,rail14north,Track 13,null,,,
Bakersville,Grand Central,railGCT,GCT,rail14south,Track 13,null,,,
Bakersville,Grand Central,railGCT,GCT,rail17west,Track 201,null,,,
Bakersville,Grand Central,railGCT,GCT,rail17east,Track 202,null,,,
Bakersville,Grand Central,railGCT,GCT,rail69north,Track 14,null,,,
Bakersville,Grand Central,railGCT,GCT,rail69south,Track 14,null,,,
Bakersville,Grand Central,railGCT,GCT,rail70north,Track 15,null,,,
Bakersville,Grand Central,railGCT,GCT,rail70south,Track 15,null,,,
,,,,,,,,,
Bakersville,New Carrollton Station,railBNC,BNC,rail69north,Track 2,null,,,
Bakersville,New Carrollton Station,railBNC,BNC,rail69south,Track 2,null,,,
,,,,,,,,,
Bakersville,Westchester Junction - Canal Works,railBWJ,BWJ,rail12west,Track 5,null,,,
Bakersville,Westchester Junction - Canal Works,railBWJ,BWJ,rail12east,Track 4,null,,,
Bakersville,Westchester Junction - Canal Works,railBWJ,BWJ,rail14north,Track 3,null,,,
Bakersville,Westchester Junction - Canal Works,railBWJ,BWJ,rail14south,Track 6,null,,,
,,,,,,,,,
Bawktown,Brick Street,railBWK,BWK,rail63north,null,null,,,
Bawktown,Brick Street,railBWK,BWK,rail63south,null,null,,,
Bawktown,Brick Street,railBWK,BWK,rail64north,null,null,,,
Bawktown,Brick Street,railBWK,BWK,rail64south,null,null,,,
Bawktown,Brick Street,railBWK,BWK,rail66west,null,null,,,
Bawktown,Brick Street,railBWK,BWK,rail66east,null,null,,,
Bawktown,Brick Street,railBWK,BWK,rail66Xwest,null,null,,,
Bawktown,Brick Street,railBWK,BWK,rail66Xeast,null,null,,,
,,,,,,,,,
Bawktown,South Station,railBKS,BKS,rail66west,null,null,,,
Bawktown,South Station,railBKS,BKS,rail66east,null,null,,,
,,,,,,,,,
Bechtel,null,railBEC,BEC,rail43west,Track 1,null,,,
Bechtel,null,railBEC,BEC,rail43east,Track 6,null,,,
,,,,,,,,,
Belvadere,null,railBLV,BLV,rail17west,Track 1,null,,,
Belvadere,null,railBLV,BLV,rail17east,Track 2,null,,,
,,,,,,,,,
Benion,Bus Exchange,railBEN,BEN,rail48west,null,null,,,
Benion,Bus Exchange,railBEN,BEN,rail48east,null,null,,,
,,,,,,,,,
BirchView,Central,railBVC,BVC,rail7north,Track 4,null,,,
BirchView,Central,railBVC,BVC,rail7south,Track 5,null,,,
BirchView,Central,railBVC,BVC,rail17west,Track 6,null,,,
BirchView,Central,railBVC,BVC,rail17east,Track 3,null,,,
BirchView,Central,railBVC,BVC,rail33north,Track 8,null,,,
BirchView,Central,railBVC,BVC,rail33south,Track 8,null,,,
BirchView,Central,railBVC,BVC,rail34north,Track 2,null,,,
BirchView,Central,railBVC,BVC,rail34south,Track 7,null,,,
BirchView,Central,railBVC,BVC,rail48west,Track 1,null,,,
BirchView,Central,railBVC,BVC,rail48east,Track 1,null,,,
,,,,,,,,,
Birchwood,null,railBCH,BCH,rail15north,null,null,,,
Birchwood,null,railBCH,BCH,rail15south,null,null,,,
,,,,,,,,,
Birdhall,Transit Hub,railBRD,BRD,rail1west,Track 2,null,,,
Birdhall,Transit Hub,railBRD,BRD,rail1east,Track 1,null,,,
Birdhall,Transit Hub,railBRD,BRD,rail16north,Track 4,null,,,
Birdhall,Transit Hub,railBRD,BRD,rail16south,Track 4,null,,,
Birdhall,Transit Hub,railBRD,BRD,rail24north,Track 5,null,,,
Birdhall,Transit Hub,railBRD,BRD,rail24south,Track 5,null,,,
Birdhall,Transit Hub,railBRD,BRD,rail36west,Track 3,null,,,
Birdhall,Transit Hub,railBRD,BRD,rail36east,Track 3,null,,,
,,,,,,,,,
Borealia,null,railBOR,BOR,rail15north,Track 3,null,,,
Borealia,null,railBOR,BOR,rail15south,Track 2,null,,,
Borealia,null,railBOR,BOR,rail26north,Track 4,null,,,
Borealia,null,railBOR,BOR,rail26south,Track 1,null,,,
,,,,,,,,,
Boston,Clapham Junction,railBCJ,BCJ,rail11north,Track 3,null,,,
Boston,Clapham Junction,railBCJ,BCJ,rail11south,Track 8,null,,,
Boston,Clapham Junction,railBCJ,BCJ,rail49north,Track 7,null,,,
Boston,Clapham Junction,railBCJ,BCJ,rail49south,Track 4,null,,,
Boston,Clapham Junction,railBCJ,BCJ,rail50north,Track 6,null,,,
Boston,Clapham Junction,railBCJ,BCJ,rail50south,Track 5,null,,,
,,,,,,,,,
Boston,Stratford International,railBSI,BSI,rail49north,null,null,,,
Boston,Stratford International,railBSI,BSI,rail49south,null,null,,,
,,,,,,,,,
Boston,Waterloo Station,railBWL,BWL,rail11north,Track 4,null,,,
Boston,Waterloo Station,railBWL,BWL,rail11south,Track 4,null,,,
,,,,,,,,,
Bridgeport,null,railBDG,BDG,mcr2north,null,null,,,
Bridgeport,null,railBDG,BDG,mcr2south,null,null,,,
Bridgeport,null,railBDG,BDG,mcr3north,null,null,,,
Bridgeport,null,railBDG,BDG,mcr3south,null,null,,,
,,,,,,,,,
Bristol,null,railBRS,BRS,rail59north,Track 4,null,,,
Bristol,null,railBRS,BRS,rail59north,Track 4,null,,,
,,,,,,,,,
Broville,null,railBRO,BRO,rail17west,Track 4,null,,,
Broville,null,railBRO,BRO,rail17east,Track 1,null,,,
Broville,null,railBRO,BRO,rail40north,Track 2,null,,,
Broville,null,railBRO,BRO,rail40south,Track 3,null,,,
,,,,,,,,,
Broxbourne,null,railBRX,BRX,rail43west,Track 4,null,,,
Broxbourne,null,railBRX,BRX,rail43east,Track 1,null,,,
,,,,,,,,,
Cactus River,Main Street,railCAC,CAC,rail51west,null,null,,,
Cactus River,Main Street,railCAC,CAC,rail51east,null,null,,,
,,,,,,,,,
Cactus River,SE8,railCTS,CTS,mcr8west,null,null,,,
Cactus River,SE8,railCTS,CTS,mcr8east,null,null,,,
,,,,,,,,,
Cadencia,null,railCAD,CAD,rail63north,Track 2,null,,,
Cadencia,null,railCAD,CAD,rail63south,Track 1,null,,,
,,,,,,,,,
Capsville,null,railCAP,CAP,rail12west,Track 4,null,,,
Capsville,null,railCAP,CAP,rail12east,Track 1,null,,,
,,,,,,,,,
Central City,Beltway Terminal North,railBTN,BTN,rail6north,Track 8,null,,,
Central City,Beltway Terminal North,railBTN,BTN,rail6south,Track 3,null,,,
Central City,Beltway Terminal North,railBTN,BTN,rail7north,Track 6,null,,,
Central City,Beltway Terminal North,railBTN,BTN,rail7south,Track 5,null,,,
Central City,Beltway Terminal North,railBTN,BTN,rail32north,Track 4,null,,,
Central City,Beltway Terminal North,railBTN,BTN,rail32south,Track 7,null,,,
Central City,Beltway Terminal North,railBTN,BTN,rail40north,Track 10,null,,,
Central City,Beltway Terminal North,railBTN,BTN,rail40south,Track 10,null,,,
Central City,Beltway Terminal North,railBTN,BTN,rail70north,Track 9,null,,,
Central City,Beltway Terminal North,railBTN,BTN,rail70south,Track 1,null,,,
Central City,Beltway Terminal North,railBTN,BTN,mcr6north,Track 2,null,,,
Central City,Beltway Terminal North,railBTN,BTN,mcr6south,Track 2,null,,,
,,,,,,,,,
Central City,MRT Land,railMRL,MRL,rail40north,null,null,,,
Central City,MRT Land,railMRL,MRL,rail40south,null,null,,,
,,,,,,,,,
Central City,Warp Rail Terminal,railCCW,CCW,rail32north,Track 31,null,,,
Central City,Warp Rail Terminal,railCCW,CCW,rail32south,Track 29,null,,,
Central City,Warp Rail Terminal,railCCW,CCW,rail33north,Track 33,null,,,
Central City,Warp Rail Terminal,railCCW,CCW,rail33south,Track 33,null,,,
Central City,Warp Rail Terminal,railCCW,CCW,rail40north,Track 25,null,,,
Central City,Warp Rail Terminal,railCCW,CCW,rail40south,Track 27,null,,,
Central City,Warp Rail Terminal,railCCW,CCW,mcr3north,Track 7,null,,,
Central City,Warp Rail Terminal,railCCW,CCW,mcr3south,Track 7,null,,,
,,,,,,,,,
Chalxior,Femtoprism Airfield,railCFA,CFA,rail7north,Track 5,null,,,
Chalxior,Femtoprism Airfield,railCFA,CFA,rail7south,Track 6,null,,,
Chalxior,Femtoprism Airfield,railCFA,CFA,rail29north,Track 12,null,,,
Chalxior,Femtoprism Airfield,railCFA,CFA,rail29south,Track 21,null,,,
Chalxior,Femtoprism Airfield,railCFA,CFA,rail34north,Track 16,null,,,
Chalxior,Femtoprism Airfield,railCFA,CFA,rail34south,Track 17,null,,,
Chalxior,Femtoprism Airfield,railCFA,CFA,rail43west,Track 1,null,,,
Chalxior,Femtoprism Airfield,railCFA,CFA,rail43east,Track 10,null,,,
Chalxior,Femtoprism Airfield,railCFA,CFA,rail46west,Track 11,null,,,
Chalxior,Femtoprism Airfield,railCFA,CFA,rail46east,Track 11,null,,,
,,,,,,,,,
Chalxior,Western Docks,railCWD,CWD,rail46west,Track 1,null,,,
Chalxior,Western Docks,railCWD,CWD,rail46east,Track 1,null,,,
,,,,,,,,,
Chan Bay,null,railCHN,CHN,mcr1west,null,null,,,
Chan Bay,null,railCHN,CHN,mcr1east,null,null,,,
Chan Bay,null,railCHN,CHN,mcr9north,null,null,,,
Chan Bay,null,railCHN,CHN,mcr9south,null,null,,,
,,,,,,,,,
Chansee,null,railCHS,CHS,rail63north,null,null,,,
Chansee,null,railCHS,CHS,rail63south,null,null,,,
,,,,,,,,,
Cherrywood,null,railCHY,CHY,rail66west,null,null,,,
Cherrywood,null,railCHY,CHY,rail66east,null,null,,,
,,,,,,,,,
Christi,null,railCRS,CRS,rail6north,Track 1,null,,,
Christi,null,railCRS,CRS,rail6south,Track 2,null,,,
,,,,,,,,,
Coalwood,null,railCOA,COA,rail15north,null,null,,,
Coalwood,null,railCOA,COA,rail15south,null,null,,,
,,,,,,,,,
Conricsto,null,railCON,CON,rail3west,null,null,,,
Conricsto,null,railCON,CON,rail3east,null,null,,,
Conricsto,null,railCON,CON,mcr3north,null,null,,,
Conricsto,null,railCON,CON,mcr3south,null,null,,,
Conricsto,null,railCON,CON,mcr6north,null,null,,,
Conricsto,null,railCON,CON,mcr6south,null,null,,,
,,,,,,,,,
Cornus,Central,railCOR,COR,rail6north,Track 1,null,,,
Cornus,Central,railCOR,COR,rail6south,Track 4,null,,,
Cornus,Central,railCOR,COR,rail7north,Track 2,null,,,
Cornus,Central,railCOR,COR,rail7south,Track 3,null,,,
,,,,,,,,,
Cornwall,Great Union Terminal,railCNW,CNW,rail17west,Track 12,null,,,
Cornwall,Great Union Terminal,railCNW,CNW,rail17east,Track 3,null,,,
Cornwall,Great Union Terminal,railCNW,CNW,rail38north,Track 7,null,,,
Cornwall,Great Union Terminal,railCNW,CNW,rail38south,Track 8,null,,,
Cornwall,Great Union Terminal,railCNW,CNW,rail40north,Track 4,null,,,
Cornwall,Great Union Terminal,railCNW,CNW,rail40south,Track 11,null,,,
Cornwall,Great Union Terminal,railCNW,CNW,rail63north,Track 5,null,,,
Cornwall,Great Union Terminal,railCNW,CNW,rail63south,Track 10,null,,,
Cornwall,Great Union Terminal,railCNW,CNW,rail64north,Track 6,null,,,
Cornwall,Great Union Terminal,railCNW,CNW,rail64south,Track 9,null,,,
,,,,,,,,,
Covina,Bus Station,railCOV,COV,rail38north,null,null,,,
Covina,Bus Station,railCOV,COV,rail38south,null,null,,,
,,,,,,,,,
Creeperville,Haneda Airport,railHND,HND,rail54north,Track 1,null,Creeperville International Airport,,
Creeperville,Haneda Airport,railHND,HND,rail55south,Track 2,null,Creeperville International Airport,,
,,,,,,,,,
Creeperville,Sakura Park,railCSK,CSK,rail54north,Track 1,null,,,
Creeperville,Sakura Park,railCSK,CSK,rail54south,Track 3,null,,,
Creeperville,Sakura Park,railCSK,CSK,rail55south,Track 2,null,,,
,,,,,,,,,
Creeperville,Shimoko,railCRP,CRP,rail17west,Track 3,null,,,
Creeperville,Shimoko,railCRP,CRP,rail17east,Track 1,null,,,
Creeperville,Shimoko,railCRP,CRP,rail54north,Track 2,null,,,
Creeperville,Shimoko,railCRP,CRP,rail54south,Track 2,null,,,
,,,,,,,,,
Cremona,null,railCRM,CRM,rail52west,null,null,,,
Cremona,null,railCRM,CRM,rail52east,null,null,,,
,,,,,,,,,
Dabecco,null,railDAB,DAB,rail29north,null,null,,,
Dabecco,null,railDAB,DAB,rail29south,null,null,,,
,,,,,,,,,
Dand,Grand Central,railDND,DND,rail49north,Track 7,null,,,
Dand,Grand Central,railDND,DND,rail49south,Track 7,null,,,
Dand,Grand Central,railDND,DND,rail51west,Track 6a,null,,,
Dand,Grand Central,railDND,DND,rail51east,Track 5a,null,,,
,,,,,,,,,
Dand,Stoneburg Resort,railDNS,DNS,rail51west,null,null,,,
Dand,Stoneburg Resort,railDNS,DNS,rail51east,null,null,,,
,,,,,,,,,
Danielston,Paisley Place Transportation Center,railDAN,DAN,rail32north,null,null,,,
Danielston,Paisley Place Transportation Center,railDAN,DAN,rail32south,null,null,,,
,,,,,,,,,
Deadbush,Blackwater,railDBB,DBB,mcr1west,null,null,,,
Deadbush,Blackwater,railDBB,DBB,mcr1east,null,null,,,
Deadbush,Blackwater,railDBB,DBB,mcr7north,null,null,,,
Deadbush,Blackwater,railDBB,DBB,mcr7south,null,null,,,
,,,,,,,,,
Deadbush,Centro,railGHW,GHW,rail36east,Track 3,null,,,
,,,,,,,,,
Deadbush,Euphorial,railDBE,DBE,mcr1west,null,null,,,
Deadbush,Euphorial,railDBE,DBE,mcr1east,null,null,,,
,,,,,,,,,
Deadbush,Peachtree City,railDBP,DBP,mcr1west,null,null,,,
Deadbush,Peachtree City,railDBP,DBP,mcr1east,null,null,,,
,,,,,,,,,
Deadbush,Valletta,railDBV,DBV,mcr7north,null,null,,,
Deadbush,Valletta,railDBV,DBV,mcr7south,null,null,,,
,,,,,,,,,
Delta City,Henry Avenue,railDLC,DLC,rail15north,null,null,,,
Delta City,Henry Avenue,railDLC,DLC,rail15south,null,null,,,
,,,,,,,,,
Delta City,First Street,railDLF,DLF,mcr2north,null,null,,,
Delta City,First Street,railDLF,DLF,mcr2south,null,null,,,
,,,,,,,,,
Delta City,North,railDLN,DLN,mcr3north,null,null,,,
Delta City,North,railDLN,DLN,mcr3south,null,null,,,
,,,,,,,,,
Eagleshore,null,railEAG,EAG,rail15north,null,null,,,
Eagleshore,null,railEAG,EAG,rail15south,null,null,,,
,,,,,,,,,
East Mesa,M. Bubbles Station,railESM,ESM,rail66west,Track 5,null,,,
East Mesa,M. Bubbles Station,railESM,ESM,rail66east,Track 4,null,,,
East Mesa,M. Bubbles Station,railESM,ESM,rail66Xwest,Track 5,null,,,
East Mesa,M. Bubbles Station,railESM,ESM,rail66Xeast,Track 4,null,,,
East Mesa,M. Bubbles Station,railESM,ESM,rail67north,Track 3,null,,,
East Mesa,M. Bubbles Station,railESM,ESM,rail67south,Track 6,null,,,
,,,,,,,,,
Edwardsburg,null,railEDW,EDW,mcr8east,null,null,navc,,
,,,,,,,,,
Eep,null,railEEP,EEP,mcr1west,null,null,,,
Eep,null,railEEP,EEP,mcr1east,null,null,,,
Eep,null,railEEP,EEP,mcr2north,null,null,,,
Eep,null,railEEP,EEP,mcr2south,null,null,,,
Eep,null,railEEP,EEP,mcr3north,null,null,,,
Eep,null,railEEP,EEP,mcr3south,null,null,,,
,,,,,,,,,
Elecna Bay,Kelvinside Central,railKLV,KLV,rail4west,Track 17,null,,,
Elecna Bay,Kelvinside Central,railKLV,KLV,rail4east,Track 20,null,,,
Elecna Bay,Kelvinside Central,railKLV,KLV,rail49north,Track 19,null,,,
Elecna Bay,Kelvinside Central,railKLV,KLV,rail49south,Track 18,null,,,
,,,,,,,,,
Elecna Bay,North,railEBN,EBN,rail4west,Track 2,null,,,
Elecna Bay,North,railEBN,EBN,rail4east,Track 7,null,,,
Elecna Bay,North,railEBN,EBN,rail49north,Track 6,null,,,
Elecna Bay,North,railEBN,EBN,rail49south,Track 3,null,,,
Elecna Bay,North,railEBN,EBN,rail50north,Track 5,null,,,
Elecna Bay,North,railEBN,EBN,rail50south,Track 4,null,,,
,,,,,,,,,
Endor,null,railEND,END,rail63north,Track 3,null,,,
Endor,null,railEND,END,rail63south,Track 6,null,,,
Endor,null,railEND,END,rail64north,Track 4,null,,,
Endor,null,railEND,END,rail64south,Track 5,null,,,
,,,,,,,,,
Enspington,Anbury Square Railway Station,railENS,ENS,rail43west,Platform 3,null,,,
Enspington,Anbury Square Railway Station,railENS,ENS,rail43east,Platform 4,null,,,
,,,,,,,,,
Espil,Euvis Transfer,railEUV,EUV,rail16north,null,null,,,
Espil,Euvis Transfer,railEUV,EUV,rail16south,null,null,,,
,,,,,,,,,
Espil,Sanders Station,railESP,ESP,rail11north,Track 1,null,,,
Espil,Sanders Station,railESP,ESP,rail11south,Track 1,null,,,
Espil,Sanders Station,railESP,ESP,rail16north,Track 2,null,,,
Espil,Sanders Station,railESP,ESP,rail16south,Track 2,null,,,
,,,,,,,,,
Ezzo City,null,railEZO,EZO,rail32north,null,null,,,
Ezzo City,null,railEZO,EZO,rail32south,null,null,,,
,,,,,,,,,
Foresne,Liveray,railFLV,FLV,rail51west,Platform -2S,null,,,
Foresne,Liveray,railFLV,FLV,rail51east,Platform -2S,null,,,
,,,,,,,,,
New Terra,null,railTER,TER,mcr6north,null,null,Formosa,,
New Terra,null,railTER,TER,mcr6south,null,null,Formosa,,
,,,,,,,,,
Formosa,Northern,railFMN,FMN,rail15north,Track 4,null,,,
Formosa,Northern,railFMN,FMN,rail15south,Track 3,null,,,
Formosa,Northern,railFMN,FMN,rail22west,Track 1,null,,,
Formosa,Northern,railFMN,FMN,rail22east,Track 1,null,,,
Formosa,Northern,railFMN,FMN,rail32north,Track 5,null,,,
Formosa,Northern,railFMN,FMN,rail32south,Track 2,null,,,
,,,,,,,,,
Formosa-Sealane-Danielston,UCWT International Airport East,railCWE,CWE,rail6north,Track 1,null,Formosa,Sealane,Danielston
Formosa-Sealane-Danielston,UCWT International Airport East,railCWE,CWE,rail6south,Track 6,null,Formosa,Sealane,Danielston
Formosa-Sealane-Danielston,UCWT International Airport East,railCWE,CWE,rail7north,Track 2,null,Formosa,Sealane,Danielston
Formosa-Sealane-Danielston,UCWT International Airport East,railCWE,CWE,rail7south,Track 5,null,Formosa,Sealane,Danielston
Formosa-Sealane-Danielston,UCWT International Airport East,railCWE,CWE,rail32north,Track 4,null,Formosa,Sealane,Danielston
Formosa-Sealane-Danielston,UCWT International Airport East,railCWE,CWE,rail32south,Track 3,null,Formosa,Sealane,Danielston
,,,,,,,,,
Formosa-Sealane-Danielston,UCWT International Airport West,railCWW,CWW,rail22west,Track 9,null,Formosa,Sealane,Danielston
Formosa-Sealane-Danielston,UCWT International Airport West,railCWW,CWW,rail22east,Track 9,null,Formosa,Sealane,Danielston
,,,,,,,,,
Fort Chipewyan,null,railFCP,FCP,rail17west,null,null,,,
Fort Chipewyan,null,railFCP,FCP,rail17east,null,null,,,
,,,,,,,,,
Fort Yaxier,Central,railFYC,FYC,rail21west,Track 13,null,,,
Fort Yaxier,Central,railFYC,FYC,rail21east,Track 13,null,,,
,,,,,,,,,
Fortaleza,null,railFTL,FTL,rail32north,null,null,,,
Fortaleza,null,railFTL,FTL,rail32south,null,null,,,
,,,,,,,,,
Freedon,Phos City District,railPHO,PHO,rail40north,Track 3,null,,,
Freedon,Phos City District,railPHO,PHO,rail40south,Track 2,null,,,
Freedon,Phos City District,railPHO,PHO,rail42north,Track 4,null,,,
Freedon,Phos City District,railPHO,PHO,rail42south,Track 1,null,,,
,,,,,,,,,
Freedon,Quartzwood Regional Airfield,railFQR,FQR,rail42north,null,null,,,
Freedon,Quartzwood Regional Airfield,railFQR,FQR,rail42south,null,null,,,
,,,,,,,,,
Freedon,Silverwood International Airport,railFSI,FSI,rail42north,null,null,,,
Freedon,Silverwood International Airport,railFSI,FSI,rail42south,null,null,,,
,,,,,,,,,
Freedon,Town Hall,railFTH,FTH,rail42north,null,null,,,
Freedon,Town Hall,railFTH,FTH,rail42south,null,null,,,
,,,,,,,,,
Freshney,null,railFSH,FSH,rail32north,null,null,,,
Freshney,null,railFSH,FSH,rail32south,null,null,,,
,,,,,,,,,
Fulton,null,railFUL,FUL,rail51west,null,null,,,
Fulton,null,railFUL,FUL,rail51east,null,null,,,
,,,,,,,,,
Funnyland,null,railFUN,FUN,rail43west,Track 4,null,,,
Funnyland,null,railFUN,FUN,rail43east,Track 1,null,,,
,,,,,,,,,
Gemstride,null,railGEM,GEM,mcr1west,null,null,,,
Gemstride,null,railGEM,GEM,mcr1east,null,null,,,
,,,,,,,,,
Geneva Bay,Hendon Road,railGNV,GNV,rail54north,null,null,,,
,,,,,,,,,
Geneva Bay,New Indigo International Airport,railGBE,GBE,rail54north,null,null,,,
,,,,,,,,,
Grayzen,Central,railGZC,GZC,rail37north,null,null,,,
Grayzen,Central,railGZC,GZC,rail37south,null,null,,,
,,,,,,,,,
Grayzen,Financial District,railGZF,GZF,rail37north,null,null,,,
Grayzen,Financial District,railGZF,GZF,rail37south,null,null,,,
,,,,,,,,,
Grayzen,National Airport,railGZA,GZA,rail33north,null,null,,,
Grayzen,National Airport,railGZA,GZA,rail33south,null,null,,,
Grayzen,National Airport,railGZA,GZA,rail37north,null,null,,,
Grayzen,National Airport,railGZA,GZA,rail37south,null,null,,,
,,,,,,,,,
Greenfields,null,railGNF,GNF,rail40north,null,null,,,
Greenfields,null,railGNF,GNF,rail40south,null,null,,,
,,,,,,,,,
Grisville,null,railGRS,GRS,rail63north,Track 1,null,,,
Grisville,null,railGRS,GRS,rail63south,Track 1,null,,,
Grisville,null,railGRS,GRS,rail64north,Track 2,null,,,
Grisville,null,railGRS,GRS,rail64south,Track 2,null,,,
,,,,,,,,,
Deadbush,Hacienda Mojito,railMOJ,MOJ,mcr7north,null,null,,,
Deadbush,Hacienda Mojito,railMOJ,MOJ,mcr7south,null,null,,,
,,,,,,,,,
Halberd Bay,null,railHAL,HAL,rail32north,null,null,,,
Halberd Bay,null,railHAL,HAL,rail32south,null,null,,,
,,,,,,,,,
Harrington,null,railHAR,HAR,rail56north,null,null,,,
Harrington,null,railHAR,HAR,rail56south,null,null,,,
,,,,,,,,,
Haskaa,null,railHSK,HSK,rail24north,null,null,,,
Haskaa,null,railHSK,HSK,rail24south,null,null,,,
,,,,,,,,,
Deadbush,Heampstead Kings Cross Railway Terminal,railHMP,HMP,rail1west,Track 9,null,,,
Deadbush,Heampstead Kings Cross Railway Terminal,railHMP,HMP,rail1east,Track 9,null,,,
,,,,,,,,,
Heights City,null,railHGT,HGT,rail17west,Track 2,null,,,
Heights City,null,railHGT,HGT,rail17east,Track 1,null,,,
,,,,,,,,,
Hendon,null,railHEN,HEN,rail54south,null,null,,,
,,,,,,,,,
Icelake,null,railICL,ICL,rail26north,null,null,,,
Icelake,null,railICL,ICL,rail26south,null,null,,,
,,,,,,,,,
Ilirea,Airport Station,railIXM,IXM,rail15north,Track 15,null,Ilirea Midcity Airport,Midcity Airport,
Ilirea,Airport Station,railIXM,IXM,rail15south,Track 12,null,Ilirea Midcity Airport,Midcity Airport,
Ilirea,Airport Station,railIXM,IXM,rail32north,Track 16,null,Ilirea Midcity Airport,Midcity Airport,
Ilirea,Airport Station,railIXM,IXM,rail32south,Track 11,null,Ilirea Midcity Airport,Midcity Airport,
,,,,,,,,,
Ilirea,Transit Center,railITC,ITC,rail15north,Track 1,null,,,
Ilirea,Transit Center,railITC,ITC,rail15south,Track 2,null,,,
Ilirea,Transit Center,railITC,ITC,rail32north,Track 1A,null,,,
Ilirea,Transit Center,railITC,ITC,rail32south,Track 3,null,,,
,,,,,,,,,
Isle of Chez,null,railCHZ,CHZ,rail29north,null,null,,,
Isle of Chez,null,railCHZ,CHZ,rail29south,null,null,,,
,,,,,,,,,
Izumo,null,railIZU,IZU,rail42north,null,null,,,
Izumo,null,railIZU,IZU,rail42south,null,null,,,
,,,,,,,,,
Jaikrunda,null,railJAI,JAI,rail40north,null,null,,,
Jaikrunda,null,railJAI,JAI,rail40south,null,null,,,
,,,,,,,,,
Jeb,null,railJEB,JEB,rail32north,null,null,,,
Jeb,null,railJEB,JEB,rail32south,null,null,,,
,,,,,,,,,
Jungleville,null,railJUN,JUN,rail63north,null,null,,,
Jungleville,null,railJUN,JUN,rail63south,null,null,,,
,,,,,,,,,
Kaleville,null,railKLE,KLE,rail66west,null,null,,,
Kaleville,null,railKLE,KLE,rail66east,null,null,,,
Kaleville,null,railKLE,KLE,rail66Xwest,null,null,,,
Kaleville,null,railKLE,KLE,rail66Xeast,null,null,,,
,,,,,,,,,
Kanterlyn,null,railKAN,KAN,mcr1west,null,null,,,
Kanterlyn,null,railKAN,KAN,mcr1east,null,null,,,
,,,,,,,,,
Kenthurst,Aerodrome,railKNT,KNT,rail15north,Track 3,null,,,
Kenthurst,Aerodrome,railKNT,KNT,rail15south,Track 2,null,,,
Kenthurst,Aerodrome,railKNT,KNT,rail32north,Track 4,null,,,
Kenthurst,Aerodrome,railKNT,KNT,rail32south,Track 1,null,,,
,,,,,,,,,
Kenthurst,Xenonite,railKNX,KNX,rail15north,Track 3,null,,,
Kenthurst,Xenonite,railKNX,KNX,rail15south,Track 2,null,,,
Kenthurst,Xenonite,railKNX,KNX,rail32north,Track 4,null,,,
Kenthurst,Xenonite,railKNX,KNX,rail32south,Track 1,null,,,
,,,,,,,,,
Kevtopolis,null,railKEV,KEV,rail63north,null,null,,,
Kevtopolis,null,railKEV,KEV,rail63south,null,null,,,
,,,,,,,,,
Kolpino,City Airport,railKPC,KPC,rail20west,null,null,,,
Kolpino,City Airport,railKPC,KPC,rail20east,null,null,,,
,,,,,,,,,
Kolpino,Lubov Avenue,railKLP,KLP,rail20west,null,null,,,
Kolpino,Lubov Avenue,railKLP,KLP,rail20east,null,null,,,
,,,,,,,,,
Laclede,Airport Plaza,railLHT,LHT,rail6north,Track 5,null,,,
Laclede,Airport Plaza,railLHT,LHT,rail6south,Track 2,null,,,
Laclede,Airport Plaza,railLHT,LHT,rail7north,Track 4,null,,,
Laclede,Airport Plaza,railLHT,LHT,rail7south,Track 3,null,,,
Laclede,Airport Plaza,railLHT,LHT,rail12west,Track 6,null,,,
Laclede,Airport Plaza,railLHT,LHT,rail12east,Track 1,null,,,
,,,,,,,,,
Laclede,Central,railLAC,LAC,rail6north,Platform 2,null,,,
Laclede,Central,railLAC,LAC,rail6south,Platform 5,null,,,
Laclede,Central,railLAC,LAC,rail7north,Platform 3,null,,,
Laclede,Central,railLAC,LAC,rail7south,Platform 4,null,,,
Laclede,Central,railLAC,LAC,rail12west,Platform 1,null,,,
Laclede,Central,railLAC,LAC,rail12east,Platform 6,null,,,
,,,,,,,,,
Laclede,Theater District - Xavier Airport,railLTH,LTH,rail12west,Track 1,null,Xavier Airport,,
Laclede,Theater District - Xavier Airport,railLTH,LTH,rail12east,Track 2,null,Xavier Airport,,
,,,,,,,,,
Lanark,Central,railLAN,LAN,rail7north,Track 2,null,,,
Lanark,Central,railLAN,LAN,rail7south,Track 3,null,,,
Lanark,Central,railLAN,LAN,rail13north,Track 4,null,,,
Lanark,Central,railLAN,LAN,rail13south,Track 4,null,,,
Lanark,Central,railLAN,LAN,rail17west,Track 1,null,,,
Lanark,Central,railLAN,LAN,rail17east,Track 1,null,,,
,,,,,,,,,
Lanark-Konawa,Horizon National Airport,railHZN,HZN,rail7north,Track 3,null,Lanark,Konawa,
Lanark-Konawa,Horizon National Airport,railHZN,HZN,rail7south,Track 2,null,Lanark,Konawa,
Lanark-Konawa,Horizon National Airport,railHZN,HZN,rail26north,Track 1,null,Lanark,Konawa,
Lanark-Konawa,Horizon National Airport,railHZN,HZN,rail26south,Track 1,null,Lanark,Konawa,
,,,,,,,,,
Langley Heath,null,railLNG,LNG,rail40north,Track 2,null,,,
Langley Heath,null,railLNG,LNG,rail40south,Track 1,null,,,
,,,,,,,,,
Lapis Bay,Expo East Airport,railLBX,LBX,rail66west,Track 1,null,,,
Lapis Bay,Expo East Airport,railLBX,LBX,rail66east,Track 4,null,,,
Lapis Bay,Expo East Airport,railLBX,LBX,rail66Xwest,Track 2,null,,,
Lapis Bay,Expo East Airport,railLBX,LBX,rail66Xeast,Track 3,null,,,
,,,,,,,,,
Lapis Bay,Venessa Bay,railLAP,LAP,rail66west,Track 4,null,,,
Lapis Bay,Venessa Bay,railLAP,LAP,rail66east,Track 1,null,,,
Lapis Bay,Venessa Bay,railLAP,LAP,rail66Xwest,Track 3,null,,,
Lapis Bay,Venessa Bay,railLAP,LAP,rail66Xeast,Track 2,null,,,
,,,,,,,,,
Larkspur,Beckham Cross Terminal,railLRK,LRK,rail26north,null,null,,,
Larkspur,Beckham Cross Terminal,railLRK,LRK,rail26south,null,null,,,
Larkspur,Beckham Cross Terminal,railLRK,LRK,rail57north,null,null,,,
Larkspur,Beckham Cross Terminal,railLRK,LRK,rail57south,null,null,,,
,,,,,,,,,
Larkspur,Lilyflower International Airport,railLAR,LAR,rail26north,null,null,,,
Larkspur,Lilyflower International Airport,railLAR,LAR,rail26south,null,null,,,
,,,,,,,,,
Lazure,null,railLAZ,LAZ,rail66west,null,null,,,
Lazure,null,railLAZ,LAZ,rail66east,null,null,,,
,,,,,,,,,
Levittown,East,railLEV,LEV,rail49north,Track 4,null,,,
Levittown,East,railLEV,LEV,rail49south,Track 1,null,,,
,,,,,,,,,
Lichtenburg,null,railLCH,LCH,rail51west,null,null,,,
Lichtenburg,null,railLCH,LCH,rail51east,null,null,,,
,,,,,,,,,
Wurst,null,railWRS,WRS,rail58north,null,null,Llanrwst Newydd,,
Wurst,null,railWRS,WRS,rail58south,null,null,Llanrwst Newydd,,
,,,,,,,,,
Lochminehead,Trijunction,railTRI,TRI,rail40north,Track 3,null,,,
Lochminehead,Trijunction,railTRI,TRI,rail40south,Track 6,null,,,
,,,,,,,,,
Los Angeles,Florensia Memorial Station,railFLO,FLO,rail66west,null,null,Achowalogen Takachsin,,
Los Angeles,Florensia Memorial Station,railFLO,FLO,rail66east,null,null,Achowalogen Takachsin,,
Los Angeles,Florensia Memorial Station,railFLO,FLO,rail66Xwest,null,null,Achowalogen Takachsin,,
Los Angeles,Florensia Memorial Station,railFLO,FLO,rail66Xeast,null,null,Achowalogen Takachsin,,
,,,,,,,,,
Los Angeles-Farwater,Union Station,railLAF,LAF,rail29north,Track 5,null,Los Angeles,Farwater,
Los Angeles-Farwater,Union Station,railLAF,LAF,rail29south,Track 16,null,Los Angeles,Farwater,
Los Angeles-Farwater,Union Station,railLAF,LAF,rail38north,Track 8,null,Los Angeles,Farwater,
Los Angeles-Farwater,Union Station,railLAF,LAF,rail38south,Track 13,null,Los Angeles,Farwater,
Los Angeles-Farwater,Union Station,railLAF,LAF,rail40north,Track 7,null,Los Angeles,Farwater,
Los Angeles-Farwater,Union Station,railLAF,LAF,rail40south,Track 14,null,Los Angeles,Farwater,
Los Angeles-Farwater,Union Station,railLAF,LAF,rail66west,Track 15,null,Los Angeles,Farwater,
Los Angeles-Farwater,Union Station,railLAF,LAF,rail66east,Track 6,null,Los Angeles,Farwater,
Los Angeles-Farwater,Union Station,railLAF,LAF,rail66Xwest,Track 15,null,Los Angeles,Farwater,
Los Angeles-Farwater,Union Station,railLAF,LAF,rail66Xeast,Track 6,null,Los Angeles,Farwater,
,,,,,,,,,
Lucerne,null,railLUC,LUC,rail26north,null,null,,,
Lucerne,null,railLUC,LUC,rail26south,null,null,,,
,,,,,,,,,
Lumia,National Park,railLUM,LUM,rail63north,null,null,,,
Lumia,National Park,railLUM,LUM,rail63south,null,null,,,
,,,,,,,,,
MRT Marina,null,railMMN,MMN,rail33north,Track 3,null,,,
MRT Marina,null,railMMN,MMN,rail33south,Track 1,null,,,
MRT Marina,null,railMMN,MMN,rail39north,Track 2,null,,,
MRT Marina,null,railMMN,MMN,rail39south,Track 2,null,,,
,,,,,,,,,
Mallison,null,railMAL,MAL,mcr2north,null,null,,,
Mallison,null,railMAL,MAL,mcr2south,null,null,,,
Mallison,null,railMAL,MAL,mcr3north,null,null,,,
Mallison,null,railMAL,MAL,mcr3south,null,null,,,
,,,,,,,,,
Manhasset,null,railMAN,MAN,rail63north,null,null,,,
Manhasset,null,railMAN,MAN,rail63south,null,null,,,
,,,,,,,,,
Mason City,International Airport,railMCI,MCI,rail34north,null,null,,,
Mason City,International Airport,railMCI,MCI,rail34south,null,null,,,
,,,,,,,,,
Mason City,King Redtie III Station,railMAS,MAS,rail34north,Platform B,null,,,
Mason City,King Redtie III Station,railMAS,MAS,rail34south,Platform C,null,,,
Mason City,King Redtie III Station,railMAS,MAS,rail48west,Platform A,null,,,
Mason City,King Redtie III Station,railMAS,MAS,rail48east,Platform A,null,,,
,,,,,,,,,
Matheson,Araya Avenue,railMTH,MTH,rail15north,Track 2,null,,,
Matheson,Araya Avenue,railMTH,MTH,rail15south,Track 1,null,,,
Matheson,Araya Avenue,railMTH,MTH,rail29north,Track 4,null,,,
Matheson,Araya Avenue,railMTH,MTH,rail29south,Track 3,null,,,
,,,,,,,,,
Matheson,Lombardo Avenue,railMMR,MMR,mcr2north,null,null,,,
Matheson,Lombardo Avenue,railMMR,MMR,mcr2south,null,null,,,
,,,,,,,,,
MeTromso,null,railTRM,TRM,rail49north,null,null,,,
MeTromso,null,railTRM,TRM,rail49south,null,null,,,
,,,,,,,,,
Mega Motion City,null,railMMC,MMC,rail32north,null,null,,,
Mega Motion City,null,railMMC,MMC,rail32south,null,null,,,
,,,,,,,,,
Merritt Lakes,null,railMRT,MRT,rail17west,null,null,,,
Merritt Lakes,null,railMRT,MRT,rail17east,null,null,,,
Merritt Lakes,null,railMRT,MRT,rail40north,null,null,,,
Merritt Lakes,null,railMRT,MRT,rail40south,null,null,,,
,,,,,,,,,
Metamesa,Central,railMET,MET,rail66west,Track 9,null,,,
Metamesa,Central,railMET,MET,rail66east,Track 10,null,,,
Metamesa,Central,railMET,MET,rail66Xwest,Track 9,null,,,
Metamesa,Central,railMET,MET,rail66Xeast,Track 10,null,,,
,,,,,,,,,
Moleville,null,railMOL,MOL,rail32north,null,null,,,
Moleville,null,railMOL,MOL,rail32south,null,null,,,
,,,,,,,,,
Mons Pratus,Transportation Hub,railMON,MON,rail6north,Platform 2,null,,,
Mons Pratus,Transportation Hub,railMON,MON,rail6south,Platform 1,null,,,
Mons Pratus,Transportation Hub,railMON,MON,rail14north,Platform 7,null,,,
Mons Pratus,Transportation Hub,railMON,MON,rail14south,Platform 7,null,,,
,,,,,,,,,
Mons Pratus,Vashann,railVSH,VSH,rail14north,null,null,,,
Mons Pratus,Vashann,railVSH,VSH,rail14south,null,null,,,
,,,,,,,,,
Montagnas,null,railMTG,MTG,rail40north,null,null,,,
Montagnas,null,railMTG,MTG,rail40south,null,null,,,
,,,,,,,,,
Moramoa,Mixed Martial Arts Airfield,railMMA,MMA,rail29north,Track 3,null,,,
Moramoa,Mixed Martial Arts Airfield,railMMA,MMA,rail29south,Track 2,null,,,
Moramoa,Mixed Martial Arts Airfield,railMMA,MMA,rail43west,Track 4,null,,,
Moramoa,Mixed Martial Arts Airfield,railMMA,MMA,rail43east,Track 1,null,,,
,,,,,,,,,
Morihama,null,railMOR,MOR,rail15north,Track 4,null,,,
Morihama,null,railMOR,MOR,rail15south,Track 3,null,,,
Morihama,null,railMOR,MOR,rail32north,Track 6,null,,,
Morihama,null,railMOR,MOR,rail32south,Track 1,null,,,
,,,,,,,,,
Murrville,Central,railMUR,MUR,rail50north,Track 10,null,,,
Murrville,Central,railMUR,MUR,rail50south,Track 9,null,,,
Murrville,Central,railMUR,MUR,rail51west,Track 11,null,,,
Murrville,Central,railMUR,MUR,rail51east,Track 8,null,,,
Murrville,Central,railMUR,MUR,rail52west,Track 12,null,,,
Murrville,Central,railMUR,MUR,rail52east,Track 7,null,,,
,,,,,,,,,
Murrville-Arcadia,International Airport,railMAX,MAX,rail50north,Track 4,null,Murrville,Arcadia,
Murrville-Arcadia,International Airport,railMAX,MAX,rail50south,Track 3,null,Murrville,Arcadia,
Murrville-Arcadia,International Airport,railMAX,MAX,rail51west,Track 5,null,Murrville,Arcadia,
Murrville-Arcadia,International Airport,railMAX,MAX,rail51east,Track 2,null,Murrville,Arcadia,
Murrville-Arcadia,International Airport,railMAX,MAX,rail52west,Track 6,null,Murrville,Arcadia,
Murrville-Arcadia,International Airport,railMAX,MAX,rail52east,Track 1,null,Murrville,Arcadia,
,,,,,,,,,
Musique,Bayview Avenue,railMUS,MUS,rail11north,null,null,,,
Musique,Bayview Avenue,railMUS,MUS,rail11south,null,null,,,
Musique,Bayview Avenue,railMUS,MUS,rail15north,null,null,,,
Musique,Bayview Avenue,railMUS,MUS,rail15south,null,null,,,
Musique,Bayview Avenue,railMUS,MUS,mcr6north,null,null,,,
Musique,Bayview Avenue,railMUS,MUS,mcr6south,null,null,,,
,,,,,,,,,
Musique,Spruce Mountain,railMSM,MSM,mcr6north,null,null,,,
Musique,Spruce Mountain,railMSM,MSM,mcr6south,null,null,,,
,,,,,,,,,
Nauvis,null,railNAU,NAU,rail32north,null,null,,,
Nauvis,null,railNAU,NAU,rail32south,null,null,,,
,,,,,,,,,
New Acreadium,Central District,railNAC,NAC,rail29north,Track 12,null,,,
New Acreadium,Central District,railNAC,NAC,rail29south,Track 7,null,,,
New Acreadium,Central District,railNAC,NAC,rail43west,Track 6,null,,,
New Acreadium,Central District,railNAC,NAC,rail43east,Track 1,null,,,
,,,,,,,,,
New Acreadium,Schiphol Airport,railSIA,SIA,rail7north,Track 6,null,,,
New Acreadium,Schiphol Airport,railSIA,SIA,rail7south,Track 5,null,,,
New Acreadium,Schiphol Airport,railSIA,SIA,rail29north,Track 21,null,,,
New Acreadium,Schiphol Airport,railSIA,SIA,rail29south,Track 12,null,,,
New Acreadium,Schiphol Airport,railSIA,SIA,rail34north,Track 17,null,,,
New Acreadium,Schiphol Airport,railSIA,SIA,rail34south,Track 16,null,,,
New Acreadium,Schiphol Airport,railSIA,SIA,rail43west,Track 10,null,,,
New Acreadium,Schiphol Airport,railSIA,SIA,rail43east,Track 1,null,,,
,,,,,,,,,
New Ashmore,null,railNAS,NAS,rail66west,null,null,,,
New Ashmore,null,railNAS,NAS,rail66east,null,null,,,
New Ashmore,null,railNAS,NAS,rail66Xwest,null,null,,,
New Ashmore,null,railNAS,NAS,rail66Xeast,null,null,,,
,,,,,,,,,
New Bakersville City,Bay Parkway,railNBB,NBB,rail29north,Track 4,null,,,
New Bakersville City,Bay Parkway,railNBB,NBB,rail29south,Track 1,null,,,
New Bakersville City,Bay Parkway,railNBB,NBB,rail40north,Track 3,null,,,
New Bakersville City,Bay Parkway,railNBB,NBB,rail40south,Track 2,null,,,
,,,,,,,,,
New Bakersville City,Midtown Railway Station,railNBM,NBM,rail29north,Track 12,null,,,
New Bakersville City,Midtown Railway Station,railNBM,NBM,rail29south,Track 6,null,,,
New Bakersville City,Midtown Railway Station,railNBM,NBM,rail38north,Track 9,null,,,
New Bakersville City,Midtown Railway Station,railNBM,NBM,rail38south,Track 8,null,,,
New Bakersville City,Midtown Railway Station,railNBM,NBM,rail40north,Track 11,null,,,
New Bakersville City,Midtown Railway Station,railNBM,NBM,rail40south,Track 7,null,,,
,,,,,,,,,
New Bakersville City,North,railNBC,NBC,rail29north,null,null,New Bakersville City Airfield,,
New Bakersville City,North,railNBC,NBC,rail29south,null,null,New Bakersville City Airfield,,
New Bakersville City,North,railNBC,NBC,rail40north,null,null,New Bakersville City Airfield,,
New Bakersville City,North,railNBC,NBC,rail40south,null,null,New Bakersville City Airfield,,
,,,,,,,,,
New Bark Town,null,railNBT,NBT,rail40north,null,null,,,
New Bark Town,null,railNBT,NBT,rail40south,null,null,,,
,,,,,,,,,
New Beginnings,Bus Terminal,railNBU,NBU,mcr2north,null,null,,,
New Beginnings,Bus Terminal,railNBU,NBU,mcr2south,null,null,,,
,,,,,,,,,
New Beginnings,North,railNBN,NBN,mcr5west,null,null,,,
New Beginnings,North,railNBN,NBN,mcr5east,null,null,,,
,,,,,,,,,
New Cainport,Riverside Stadium,railNCP,NCP,rail54south,null,null,,,
,,,,,,,,,
New Gensokyo,Hakurei Shrine,railNGN,NGN,rail7north,Track 9,null,,,
New Gensokyo,Hakurei Shrine,railNGN,NGN,rail7south,Track 4,null,,,
New Gensokyo,Hakurei Shrine,railNGN,NGN,rail43west,Track 12,null,,,
New Gensokyo,Hakurei Shrine,railNGN,NGN,rail43east,Track 1,null,,,
,,,,,,,,,
New Gensokyo,Regional Airport,railNGY,NGY,rail7north,Track 6,null,,,
New Gensokyo,Regional Airport,railNGY,NGY,rail7south,Track 7,null,,,
New Gensokyo,Regional Airport,railNGY,NGY,rail43west,Track 1,null,,,
New Gensokyo,Regional Airport,railNGY,NGY,rail43east,Track 12,null,,,
,,,,,,,,,
New Phoenix,null,railPHX,PHX,rail34north,Track 4,null,,,
New Phoenix,null,railPHX,PHX,rail34south,Track 3,null,,,
New Phoenix,null,railPHX,PHX,rail48west,Track 5,null,,,
New Phoenix,null,railPHX,PHX,rail48east,Track 2,null,,,
New Phoenix,null,railPHX,PHX,rail54north,Track 1,null,,,
New Phoenix,null,railPHX,PHX,rail54south,Track 1,null,,,
,,,,,,,,,
New Stone City,Intermodal Hub,railNSC,NSC,mcr4north,null,null,New Stone City South,,
New Stone City,Intermodal Hub,railNSC,NSC,mcr4south,null,null,New Stone City South,,
,,,,,,,,,
New Stone City,V43,railNSV,NSV,mcr4north,null,null,New Stone City V44,V44,
New Stone City,V43,railNSV,NSV,mcr4south,null,null,New Stone City V44,V44,
,,,,,,,,,
Newport-on-Tay,null,railNPT,NPT,rail48west,null,null,,,
Newport-on-Tay,null,railNPT,NPT,rail48east,null,null,,,
,,,,,,,,,
Nightingale,null,railNGT,NGT,rail66west,null,null,,,
Nightingale,null,railNGT,NGT,rail66east,null,null,,,
Nightingale,null,railNGT,NGT,rail66Xwest,null,null,,,
Nightingale,null,railNGT,NGT,rail66Xeast,null,null,,,
,,,,,,,,,
Nippia,null,railNIP,NIP,rail7north,Track 5,null,,,
Nippia,null,railNIP,NIP,rail7south,Track 2,null,,,
Nippia,null,railNIP,NIP,rail17west,Track 1,null,,,
Nippia,null,railNIP,NIP,rail17east,Track 6,null,,,
Nippia,null,railNIP,NIP,rail34north,Track 4,null,,,
Nippia,null,railNIP,NIP,rail34south,Track 3,null,,,
,,,,,,,,,
Niwen,Train Station,railNIW,NIW,rail43west,Track 6,null,,,
Niwen,Train Station,railNIW,NIW,rail43east,Track 1,null,,,
,,,,,,,,,
North Haven,Downtown,railNHD,NHD,rail34north,null,null,,,
North Haven,Downtown,railNHD,NHD,rail34south,null,null,,,
,,,,,,,,,
North Haven,Riverside Airfield,railNHR,NHR,rail34north,null,null,,,
North Haven,Riverside Airfield,railNHR,NHR,rail34south,null,null,,,
,,,,,,,,,
Northberg,South Station,railNSS,NSS,rail38north,Platform 5,null,,,
Northberg,South Station,railNSS,NSS,rail38south,Platform 2,null,,,
Northberg,South Station,railNSS,NSS,rail40north,Platform 4,null,,,
Northberg,South Station,railNSS,NSS,rail40south,Platform 3,null,,,
,,,,,,,,,
Northlend,Union Station,railNLD,NLD,rail43west,Track 4,null,,,
Northlend,Union Station,railNLD,NLD,rail43east,Track 1,null,,,
,,,,,,,,,
Nymphalia,Stellia Station,railNYM,NYM,rail17west,Track 1,null,,,
Nymphalia,Stellia Station,railNYM,NYM,rail17east,Track 6,null,,,
Nymphalia,Stellia Station,railNYM,NYM,rail38north,Track 4,null,,,
Nymphalia,Stellia Station,railNYM,NYM,rail38south,Track 3,null,,,
Nymphalia,Stellia Station,railNYM,NYM,rail40north,Track 5,null,,,
Nymphalia,Stellia Station,railNYM,NYM,rail40south,Track 2,null,,,
,,,,,,,,,
Oparia,Downtown,railOPD,OPD,rail29north,Track F,null,,,
Oparia,Downtown,railOPD,OPD,rail29south,Track A,null,,,
Oparia,Downtown,railOPD,OPD,rail34north,Track E,null,,,
Oparia,Downtown,railOPD,OPD,rail34south,Track B,null,,,
,,,,,,,,,
Oparia,LeTourneau International Airport,railOPA,OPA,rail29north,Track 12,null,,,
Oparia,LeTourneau International Airport,railOPA,OPA,rail29south,Track 1,null,,,
Oparia,LeTourneau International Airport,railOPA,OPA,rail34north,Track 11,null,,,
Oparia,LeTourneau International Airport,railOPA,OPA,rail34south,Track 2,null,,,
,,,,,,,,,
Orange City,Junction,railOCJ,OCJ,mcr1west,null,null,,,
Orange City,Junction,railOCJ,OCJ,mcr1east,null,null,,,
Orange City,Junction,railOCJ,OCJ,mcr1Anorth,null,null,,,
Orange City,Junction,railOCJ,OCJ,mcr1Asouth,null,null,,,
,,,,,,,,,
Orange City,Proper,railORG,ORG,mcr1Anorth,null,null,,,
Orange City,Proper,railORG,ORG,mcr1Asouth,null,null,,,
,,,,,,,,,
Padagonia,null,railPAD,PAD,rail17west,Track 4,null,,,
Padagonia,null,railPAD,PAD,rail17east,Track 1,null,,,
Padagonia,null,railPAD,PAD,rail40north,Track 2,null,,,
Padagonia,null,railPAD,PAD,rail40south,Track 3,null,,,
,,,,,,,,,
Palemo,null,railPMO,PMO,rail66west,null,null,,,
Palemo,null,railPMO,PMO,rail66east,null,null,,,
Palemo,null,railPMO,PMO,rail66Xwest,null,null,,,
Palemo,null,railPMO,PMO,rail66Xeast,null,null,,,
,,,,,,,,,
Palestropol,North,railPAL,PAL,mcr6north,null,null,,,
Palestropol,North,railPAL,PAL,mcr6south,null,null,,,
,,,,,,,,,
Pasadena,null,railPAS,PAS,rail56north,null,null,,,
Pasadena,null,railPAS,PAS,rail56south,null,null,,,
,,,,,,,,,
Peaslake,null,railPEA,PEA,rail29north,Track 4,null,,,
Peaslake,null,railPEA,PEA,rail29south,Track 1,null,,,
Peaslake,null,railPEA,PEA,rail40north,Track 3,null,,,
Peaslake,null,railPEA,PEA,rail40south,Track 2,null,,,
,,,,,,,,,
Peripotamia,null,railPER,PER,rail43west,null,null,Peripoatmia,,
Peripotamia,null,railPER,PER,rail43east,null,null,Peripoatmia,,
,,,,,,,,,
Pilmont,null,railPIL,PIL,rail29north,Track 8,null,,,
Pilmont,null,railPIL,PIL,rail29south,Track 5,null,,,
Pilmont,null,railPIL,PIL,rail43west,Track 4,null,,,
Pilmont,null,railPIL,PIL,rail43east,Track 1,null,,,
,,,,,,,,,
PMW City,Pine Mountain,railPNE,PNE,rail13north,null,null,Welsbury,,
PMW City,Pine Mountain,railPNE,PNE,rail13south,null,null,Welsbury,,
,,,,,,,,,
Plage Rouge-Seki City,null,railPRS,PRS,rail66west,null,null,Plage Rouge,Seki City,
Plage Rouge-Seki City,null,railPRS,PRS,rail66east,null,null,Plage Rouge,Seki City,
Plage Rouge-Seki City,null,railPRS,PRS,rail66Xwest,null,null,Plage Rouge,Seki City,
Plage Rouge-Seki City,null,railPRS,PRS,rail66Xeast,null,null,Plage Rouge,Seki City,
,,,,,,,,,
Port Newbury,null,railPNW,PNW,mcr1west,null,null,,,
Port Newbury,null,railPNW,PNW,mcr1east,null,null,,,
,,,,,,,,,
Deadbush,Quarryville,railQUA,QUA,mcr1west,null,null,,,
Deadbush,Quarryville,railQUA,QUA,mcr1east,null,null,,,
,,,,,,,,,
Quiris,null,railQUI,QUI,rail17west,Track 1,null,,,
Quiris,null,railQUI,QUI,rail17east,Track 2,null,,,
,,,,,,,,,
Rank Resort,Central,railRNK,RNK,rail7north,Track 10,null,,,
Rank Resort,Central,railRNK,RNK,rail7south,Track 11,null,,,
Rank Resort,Central,railRNK,RNK,rail43west,Track 6,null,,,
Rank Resort,Central,railRNK,RNK,rail43east,Track 15,null,,,
,,,,,,,,,
Ravenna,Mountainside International Airport,railRAV,RAV,rail29north,null,null,,,
Ravenna,Mountainside International Airport,railRAV,RAV,rail29south,null,null,,,
,,,,,,,,,
Ravenna,Union Station,railRVU,RVU,rail17west,Track 3,null,,,
Ravenna,Union Station,railRVU,RVU,rail17east,Track 4,null,,,
Ravenna,Union Station,railRVU,RVU,rail43west,Track 5,null,,,
Ravenna,Union Station,railRVU,RVU,rail43east,Track 5,null,,,
,,,,,,,,,
Raymont,null,railRAY,RAY,rail66west,null,null,,,
Raymont,null,railRAY,RAY,rail66east,null,null,,,
,,,,,,,,,
Redbridge,null,railRBG,RBG,rail63north,null,null,,,
Redbridge,null,railRBG,RBG,rail63south,null,null,,,
,,,,,,,,,
Redwood,null,railRDW,RDW,rail49north,null,null,,,
Redwood,null,railRDW,RDW,rail49south,null,null,,,
,,,,,,,,,
Richard's Junction,null,railRCJ,RCJ,mcr4north,null,null,,,
Richard's Junction,null,railRCJ,RCJ,mcr4south,null,null,,,
,,,,,,,,,
Risima,null,railRIS,RIS,rail43west,Track 1,null,,,
Risima,null,railRIS,RIS,rail43east,Track 6,null,,,
,,,,,,,,,
Riverpoint,null,railRVP,RVP,rail63north,null,null,,,
Riverpoint,null,railRVP,RVP,rail63south,null,null,,,
,,,,,,,,,
Rochshire,null,railRCH,RCH,rail32north,null,null,,,
Rochshire,null,railRCH,RCH,rail32south,null,null,,,
,,,,,,,,,
Rockham,Central,railRHC,RHC,rail49north,null,null,,,
Rockham,Central,railRHC,RHC,rail49south,null,null,,,
,,,,,,,,,
Rockham,North,railRHN,RHN,rail49north,null,null,,,
Rockham,North,railRHN,RHN,rail49south,null,null,,,
,,,,,,,,,
Rosemary,null,railRSE,RSE,rail15north,null,null,,,
Rosemary,null,railRSE,RSE,rail15south,null,null,,,
,,,,,,,,,
Rosslyn,null,railROS,ROS,rail49north,null,null,,,
Rosslyn,null,railROS,ROS,rail49south,null,null,,,
,,,,,,,,,
Royal Ferry,Downtown,railRFD,RFD,mcr3north,null,null,,,
Royal Ferry,Downtown,railRFD,RFD,mcr3south,null,null,,,
,,,,,,,,,
Royal Ferry,North,railRFN,RFN,mcr3north,null,null,,,
Royal Ferry,North,railRFN,RFN,mcr3south,null,null,,,
,,,,,,,,,
Royalston,null,railRYL,RYL,mcr5west,null,null,Siletz,,
Royalston,null,railRYL,RYL,mcr5east,null,null,Siletz,,
,,,,,,,,,
Saint Anna,null,railANA,ANA,rail17west,null,null,St Anna,St. Anna,
Saint Anna,null,railANA,ANA,rail17east,null,null,St Anna,St. Anna,
,,,,,,,,,
Saint Roux,Gare Orsay,railSXG,SXG,rail40north,Track 4,null,St Roux,St. Roux,
Saint Roux,Gare Orsay,railSXG,SXG,rail40south,Track 3,null,St Roux,St. Roux,
Saint Roux,Gare Orsay,railSXG,SXG,rail42north,Track 5,null,St Roux,St. Roux,
Saint Roux,Gare Orsay,railSXG,SXG,rail42south,Track 5,null,St Roux,St. Roux,
Saint Roux,Gare Orsay,railSXG,SXG,mcr5west,Track 6,null,St Roux,St. Roux,
Saint Roux,Gare Orsay,railSXG,SXG,mcr5east,Track 6,null,St Roux,St. Roux,
,,,,,,,,,
San Dzobiak,Union Square,railSDU,SDU,rail40north,Track 5,null,,,
San Dzobiak,Union Square,railSDU,SDU,rail40south,Track 6,null,,,
San Dzobiak,Union Square,railSDU,SDU,rail49north,Track 8,null,,,
San Dzobiak,Union Square,railSDU,SDU,rail49south,Track 3,null,,,
San Dzobiak,Union Square,railSDU,SDU,rail50north,Track 7,null,,,
San Dzobiak,Union Square,railSDU,SDU,rail50south,Track 4,null,,,
San Dzobiak,Union Square,railSDU,SDU,mcr5west,Track 14,null,,,
San Dzobiak,Union Square,railSDU,SDU,mcr5east,Track 13,null,,,
,,,,,,,,,
San Vantino,null,railSVT,SVT,rail49north,null,null,,,
San Vantino,null,railSVT,SVT,rail49south,null,null,,,
,,,,,,,,,
Savacaci,rail32north,railSVC,SVC,rail32north,rail32north,rail32north,,,
Savacaci,rail32south,railSVC,SVC,rail32south,rail32south,rail32south,,,
,,,,,,,,,
Savage City,null,railSVG,SVG,rail15north,Track 3,null,,,
Savage City,null,railSVG,SVG,rail15south,Track 2,null,,,
Savage City,null,railSVG,SVG,rail57north,Track 4,null,,,
Savage City,null,railSVG,SVG,rail57south,Track 1,null,,,
,,,,,,,,,
Scarborough,MRT Plaza,railSCR,SCR,rail40north,Track 4,null,,,
Scarborough,MRT Plaza,railSCR,SCR,rail40south,Track 1,null,,,
Scarborough,MRT Plaza,railSCR,SCR,rail49north,Track 2,null,,,
Scarborough,MRT Plaza,railSCR,SCR,rail49south,Track 3,null,,,
,,,,,,,,,
Scarborough,MCR HQ,railMCR,MCR,mcr2north,null,null,,,
Scarborough,MCR HQ,railMCR,MCR,mcr2south,null,null,,,
,,,,,,,,,
Scarborough,New Kent Terminal,railNKT,NKT,mcr5west,Track 1,null,,,
Scarborough,New Kent Terminal,railNKT,NKT,mcr5east,Track 2,null,,,
Scarborough,New Kent Terminal,railNKT,NKT,mcr6north,Track 3,null,,,
Scarborough,New Kent Terminal,railNKT,NKT,mcr6south,Track 3,null,,,
,,,,,,,,,
Schillerton,Maple Street,railSHM,SHM,rail11north,Track 10,null,,,
Schillerton,Maple Street,railSHM,SHM,rail11south,Track 11,null,,,
Schillerton,Maple Street,railSHM,SHM,mcr1west,Track 15,null,,,
Schillerton,Maple Street,railSHM,SHM,mcr1east,Track 16,null,,,
,,,,,,,,,
Sealane,Central,railSEA,SEA,rail6north,Track 22,null,,,
Sealane,Central,railSEA,SEA,rail6south,Track 19,null,,,
Sealane,Central,railSEA,SEA,rail7north,Track 21,null,,,
Sealane,Central,railSEA,SEA,rail7south,Track 20,null,,,
,,,,,,,,,
Sealane,New Forest Terminal,railSNF,SNF,rail70north,null,null,,,
Sealane,New Forest Terminal,railSNF,SNF,rail70south,null,null,,,
,,,,,,,,,
Sealane,Wallowyn,railWYN,WYN,mcr6north,null,null,,,
Sealane,Wallowyn,railWYN,WYN,mcr6north,null,null,,,
,,,,,,,,,
Segav Sal,null,railSGV,SGV,rail7north,Track 6,null,,,
Segav Sal,null,railSGV,SGV,rail7south,Track 5,null,,,
Segav Sal,null,railSGV,SGV,rail43west,Track 10,null,,,
Segav Sal,null,railSGV,SGV,rail43east,Track 1,null,,,
,,,,,,,,,
Segville,Grand Central,railSGC,SGC,rail18west,Track 2,null,,,
Segville,Grand Central,railSGC,SGC,rail18east,Track 2,null,,,
,,,,,,,,,
Segville,International Airport,railSEG,SEG,rail3west,Track 1,null,,,
Segville,International Airport,railSEG,SEG,rail3east,Track 6,null,,,
Segville,International Airport,railSEG,SEG,rail6north,Track 2,null,,,
Segville,International Airport,railSEG,SEG,rail6south,Track 5,null,,,
Segville,International Airport,railSEG,SEG,rail7north,Track 3,null,,,
Segville,International Airport,railSEG,SEG,rail7south,Track 4,null,,,
Segville,International Airport,railSEG,SEG,rail18west,Track 7,null,,,
Segville,International Airport,railSEG,SEG,rail18east,Track 7,null,,,
,,,,,,,,,
Sesby,Central,railSES,SES,rail40north,null,null,,,
Sesby,Central,railSES,SES,rail40south,null,null,,,
,,,,,,,,,
Seuland,null,railSEU,railMMA,rail29north,Track 5,null,,,
Seuland,null,railSEU,railRAV,rail29south,Track 4,null,,,
,,,,,,,,,
Shadowpoint,Capitol Union Station,railSCU,SCU,rail54north,null,null,,,
Shadowpoint,Capitol Union Station,railSCU,SCU,rail54south,null,null,,,
,,,,,,,,,
Shadowpoint,Old Town,railSOT,SOT,rail54north,null,null,,,
Shadowpoint,Old Town,railSOT,SOT,rail54south,null,null,,,
,,,,,,,,,
Shadowpoint,South,railSPS,SPS,rail48west,Track 3,null,,,
Shadowpoint,South,railSPS,SPS,rail48east,Track 2,null,,,
Shadowpoint,South,railSPS,SPS,rail54north,Track 1,null,,,
Shadowpoint,South,railSPS,SPS,rail54south,Track 4,null,,,
,,,,,,,,,
Shady Grove,null,railSDY,SDY,mcr6north,null,null,ShadyGrove,,
Shady Grove,null,railSDY,SDY,mcr6south,null,null,ShadyGrove,,
,,,,,,,,,
Shark Town,null,railSHK,SHK,rail43west,Track 6,null,,,
Shark Town,null,railSHK,SHK,rail43east,Track 1,null,,,
,,,,,,,,,
Siletz,Salvador Station,railSLZ,SLZ,rail3west,Track 14,null,,,
Siletz,Salvador Station,railSLZ,SLZ,rail3east,Track 14,null,,,
Siletz,Salvador Station,railSLZ,SLZ,rail6north,Track 1,null,,,
Siletz,Salvador Station,railSLZ,SLZ,rail6south,Track 1,null,,,
Siletz,Salvador Station,railSLZ,SLZ,rail29north,Track 16,null,,,
Siletz,Salvador Station,railSLZ,SLZ,rail29south,Track 19,null,,,
Siletz,Salvador Station,railSLZ,SLZ,rail32north,Track 6,null,,,
Siletz,Salvador Station,railSLZ,SLZ,rail32south,Track 6,null,,,
Siletz,Salvador Station,railSLZ,SLZ,rail34north,Track 17,null,,,
Siletz,Salvador Station,railSLZ,SLZ,rail34south,Track 18,null,,,
Siletz,Salvador Station,railSLZ,SLZ,rail38north,Track 15,null,,,
Siletz,Salvador Station,railSLZ,SLZ,rail38south,Track 15,null,,,
Siletz,Salvador Station,railSLZ,SLZ,rail40north,Track 11,null,,,
Siletz,Salvador Station,railSLZ,SLZ,rail40south,Track 10,null,,,
Siletz,Salvador Station,railSLZ,SLZ,rail49north,Track 7,null,,,
Siletz,Salvador Station,railSLZ,SLZ,rail49south,Track 7,null,,,
Siletz,Salvador Station,railSLZ,SLZ,rail50north,Track 8,null,,,
Siletz,Salvador Station,railSLZ,SLZ,rail50south,Track 8,null,,,
Siletz,Salvador Station,railSLZ,SLZ,mcr5west,Track 12,null,,,
Siletz,Salvador Station,railSLZ,SLZ,mcr5east,Track 12,null,,,
,,,,,,,,,
Skogheim,Central,railSKO,SKO,rail15north,null,null,,,
Skogheim,Central,railSKO,SKO,rail15south,null,null,,,
Skogheim,Central,railSKO,SKO,rail26north,null,null,,,
Skogheim,Central,railSKO,SKO,rail26south,null,null,,,
,,,,,,,,,
Snowtopic,null,railSNW,SNW,rail26north,Track 1,null,,,
Snowtopic,null,railSNW,SNW,rail26south,Track 4,null,,,
Snowtopic,null,railSNW,SNW,rail56north,Track 3,null,,,
Snowtopic,null,railSNW,SNW,rail56south,Track 3,null,,,
,,,,,,,,,
South Oaksville,null,railSOK,SOK,rail49north,Track 3,null,,,
South Oaksville,null,railSOK,SOK,rail49south,Track 1,null,,,
,,,,,,,,,
South Side,null,railSSD,SSD,rail51west,null,null,,,
South Side,null,railSSD,SSD,rail51east,null,null,,,
,,,,,,,,,
Southburg,Central,railSBC,SBC,rail49north,Track 4,null,,,
Southburg,Central,railSBC,SBC,rail49south,Track 1,null,,,
Southburg,Central,railSBC,SBC,rail50north,Track 3,null,,,
Southburg,Central,railSBC,SBC,rail50south,Track 2,null,,,
,,,,,,,,,
Southlake,null,railSLK,SLK,rail4west,Track 4,null,,,
Southlake,null,railSLK,SLK,rail4east,Track 1,null,,,
Southlake,null,railSLK,SLK,rail49north,Track 2,null,,,
Southlake,null,railSLK,SLK,rail49south,Track 3,null,,,
,,,,,,,,,
Southland,null,railSLN,SLN,rail51west,null,null,,,
Southland,null,railSLN,SLN,rail51east,null,null,,,
,,,,,,,,,
Southfort,null,railSPT,SPT,rail51west,null,null,Southport,,
Southfort,null,railSPT,SPT,rail51east,null,null,Southport,,
,,,,,,,,,
Southport-sur-mer,null,railSSM,SSM,mcr2north,null,null,,,
Southport-sur-mer,null,railSSM,SSM,mcr2south,null,null,,,
,,,,,,,,,
Spring Valley,Airfield,railSVA,SVA,rail15north,Track 1,null,,,
Spring Valley,Airfield,railSVA,SVA,rail15south,Track 2,null,,,
,,,,,,,,,
Spring Valley,Fifth Street,railSVF,SVF,rail15north,Track 3,null,,,
Spring Valley,Fifth Street,railSVF,SVF,rail15south,Track 4,null,,,
Spring Valley,Fifth Street,railSVF,SVF,rail32north,Track 2,null,,,
Spring Valley,Fifth Street,railSVF,SVF,rail32south,Track 5,null,,,
,,,,,,,,,
Spruce Neck,null,railSNK,SNK,rail6north,null,null,,,
Spruce Neck,null,railSNK,SNK,rail6south,null,null,,,
,,,,,,,,,
Spruce Plains,null,railSPP,SPP,rail56north,null,null,,,
Spruce Plains,null,railSPP,SPP,rail56south,null,null,,,
,,,,,,,,,
Storalisburg,null,railSTR,STR,rail32north,null,null,,,
Storalisburg,null,railSTR,STR,rail32south,null,null,,,
,,,,,,,,,
Sunset Pass,null,railSSP,SSP,rail66west,null,null,,,
Sunset Pass,null,railSSP,SSP,rail66east,null,null,,,
,,,,,,,,,
Sunshine Coast,Cacto Regional Airport,railSSR,SSR,rail52west,null,null,,,
Sunshine Coast,Cacto Regional Airport,railSSR,SSR,rail52east,null,null,,,
,,,,,,,,,
Sunshine Coast,Mspalmas International Airport,railSSI,SSI,rail50north,Track 3,null,Sunshine Coast Maspalmas International Airport,Maspalmas,
Sunshine Coast,Mspalmas International Airport,railSSI,SSI,rail50south,Track 4,null,Sunshine Coast Maspalmas International Airport,Maspalmas,
Sunshine Coast,Mspalmas International Airport,railSSI,SSI,rail51west,Track 2,null,Sunshine Coast Maspalmas International Airport,Maspalmas,
Sunshine Coast,Mspalmas International Airport,railSSI,SSI,rail51east,Track 5,null,Sunshine Coast Maspalmas International Airport,Maspalmas,
Sunshine Coast,Mspalmas International Airport,railSSI,SSI,rail52west,Track 1,null,Sunshine Coast Maspalmas International Airport,Maspalmas,
Sunshine Coast,Mspalmas International Airport,railSSI,SSI,rail52east,Track 6,null,Sunshine Coast Maspalmas International Airport,Maspalmas,
,,,,,,,,,
Sunshine Coast,Mspalmas Terminal,railSUN,SUN,rail50north,Track 5,null,Sunshine Coast Maspalmas Terminal,Maspalmas,
Sunshine Coast,Mspalmas Terminal,railSUN,SUN,rail50south,Track 5,null,Sunshine Coast Maspalmas Terminal,Maspalmas,
Sunshine Coast,Mspalmas Terminal,railSUN,SUN,rail51west,Track 3,null,Sunshine Coast Maspalmas Terminal,Maspalmas,
Sunshine Coast,Mspalmas Terminal,railSUN,SUN,rail51east,Track 3,null,Sunshine Coast Maspalmas Terminal,Maspalmas,
Sunshine Coast,Mspalmas Terminal,railSUN,SUN,rail52west,Track 4,null,Sunshine Coast Maspalmas Terminal,Maspalmas,
Sunshine Coast,Mspalmas Terminal,railSUN,SUN,rail52east,Track 7,null,Sunshine Coast Maspalmas Terminal,Maspalmas,
,,,,,,,,,
Sunshine Coast,Old City Hall,railSOC,SOC,rail52west,null,null,,,
Sunshine Coast,Old City Hall,railSOC,SOC,rail52east,null,null,,,
,,,,,,,,,
Svobodny,null,railSVO,SVO,rail43west,Track 4,null,,,
Svobodny,null,railSVO,SVO,rail43east,Track 1,null,,,
,,,,,,,,,
Sweetridge,null,railSWE,SWE,rail59north,Track 1,null,,,
Sweetridge,null,railSWE,SWE,rail59south,Track 4,null,,,
,,,,,,,,,
Sydney,null,railSYD,SYD,rail49north,null,null,,,
Sydney,null,railSYD,SYD,rail49south,null,null,,,
,,,,,,,,,
Sylvania,Union,railSYL,SYL,rail40north,null,null,,,
Sylvania,Union,railSYL,SYL,rail40south,null,null,,,
,,,,,,,,,
Taiga Hills,null,railTAI,TAI,rail66west,null,null,,,
Taiga Hills,null,railTAI,TAI,rail66east,null,null,,,
,,,,,,,,,
Takasaki,null,railTAK,TAK,rail7north,null,null,,,
Takasaki,null,railTAK,TAK,rail7south,null,null,,,
,,,,,,,,,
Tembok,Railway Station,railTEM,TEM,mcr9north,Platform 5,null,,,
Tembok,Railway Station,railTEM,TEM,mcr9south,Platform 5,null,,,
,,,,,,,,,
Thunderbird,null,railTHU,THU,mcr2north,null,null,,,
Thunderbird,null,railTHU,THU,mcr2south,null,null,,,
,,,,,,,,,
Titsensaki,Ironhill,railTIT,TIT,rail17west,Track 3,null,,,
Titsensaki,Ironhill,railTIT,TIT,rail17east,Track 2,null,,,
Titsensaki,Ironhill,railTIT,TIT,rail29north,Track 1,null,,,
Titsensaki,Ironhill,railTIT,TIT,rail29south,Track 4,null,,,
,,,,,,,,,
Titsensaki,Sealerwhale International Airport,railTSA,TSA,rail29north,Track 1,null,,,
Titsensaki,Sealerwhale International Airport,railTSA,TSA,rail29south,Track 2,null,,,
,,,,,,,,,
Totsworth,Dublin Street,railTOT,TOT,rail23north,null,null,,,
Totsworth,Dublin Street,railTOT,TOT,rail23south,null,null,,,
,,,,,,,,,
Totsworth,Junction,railTWJ,TWJ,rail1west,null,null,,,
Totsworth,Junction,railTWJ,TWJ,rail1east,null,null,,,
Totsworth,Junction,railTWJ,TWJ,rail23north,null,null,,,
Totsworth,Junction,railTWJ,TWJ,rail23south,null,null,,,
,,,,,,,,,
Tranquil Forest,Central,railTRQ,TRQ,rail4west,Track 13,null,,,
Tranquil Forest,Central,railTRQ,TRQ,rail4east,Track 13,null,,,
,,,,,,,,,
Trente,null,railTRE,TRE,mcr1west,null,null,,,
Trente,null,railTRE,TRE,mcr1east,null,null,,,
,,,,,,,,,
Upington,null,railUPG,UPG,rail43west,Track 1,null,,,
Upington,null,railUPG,UPG,rail43east,Track 1,null,,,
Upington,null,railUPG,UPG,rail58north,Track 2,null,,,
Upington,null,railUPG,UPG,rail58south,Track 2,null,,,
Upington,null,railUPG,UPG,rail59north,Track 3,null,,,
Upington,null,railUPG,UPG,rail59south,Track 3,null,,,
,,,,,,,,,
Upton Ulster,Mensah Central Station,railUUM,UUM,rail66west,Track 2,null,,,
Upton Ulster,Mensah Central Station,railUUM,UUM,rail66east,Track 3,null,,,
Upton Ulster,Mensah Central Station,railUUM,UUM,rail66Xwest,Track 2,null,,,
Upton Ulster,Mensah Central Station,railUUM,UUM,rail66Xeast,Track 3,null,,,
Upton Ulster,Mensah Central Station,railUUM,UUM,rail67north,Track 4,null,,,
Upton Ulster,Mensah Central Station,railUUM,UUM,rail67south,Track 1,null,,,
,,,,,,,,,
Upwick,null,railUPW,UPW,rail63north,null,null,,,
Upwick,null,railUPW,UPW,rail63south,null,null,,,
,,,,,,,,,
Utopia,Anthony Fokker Transit Hub,railAFK,AFK,rail3west,Track 6,null,,,
Utopia,Anthony Fokker Transit Hub,railAFK,AFK,rail3east,Track 6,null,,,
Utopia,Anthony Fokker Transit Hub,railAFK,AFK,rail11north,Track 1,null,,,
Utopia,Anthony Fokker Transit Hub,railAFK,AFK,rail11south,Track 5,null,,,
Utopia,Anthony Fokker Transit Hub,railAFK,AFK,rail15north,Track 2,null,,,
Utopia,Anthony Fokker Transit Hub,railAFK,AFK,rail15south,Track 4,null,,,
Utopia,Anthony Fokker Transit Hub,railAFK,AFK,rail20west,Track 3,null,,,
Utopia,Anthony Fokker Transit Hub,railAFK,AFK,rail20east,Track 3,null,,,
,,,,,,,,,
Utopia,Plano,railUTP,UTP,rail3west,null,null,,,
Utopia,Plano,railUTP,UTP,rail3east,null,null,,,
Utopia,Plano,railUTP,UTP,rail15north,null,null,,,
Utopia,Plano,railUTP,UTP,rail15south,null,null,,,
Utopia,Plano,railUTP,UTP,mcr6north,null,null,,,
Utopia,Plano,railUTP,UTP,mcr6south,null,null,,,
,,,,,,,,,
Valemount,null,railVLM,VLM,rail29north,Track 4,null,,,
Valemount,null,railVLM,VLM,rail29south,Track 1,null,,,
Valemount,null,railVLM,VLM,rail40north,Track 3,null,,,
Valemount,null,railVLM,VLM,rail40south,Track 2,null,,,
,,,,,,,,,
Valence,null,railVAL,VAL,mcr1west,null,null,,,
Valence,null,railVAL,VAL,mcr1east,null,null,,,
,,,,,,,,,
Vegeta,Junction,railVGJ,VGJ,rail57north,Platform 1a,null,,,
Vegeta,Junction,railVGJ,VGJ,rail57south,Platform 1a,null,,,
,,,,,,,,,
Veldberg,SE7,railVLD,VLD,rail51west,null,null,,,
Veldberg,SE7,railVLD,VLD,rail51east,null,null,,,
Veldberg,SE7,railVLD,VLD,mcr4north,null,null,,,
Veldberg,SE7,railVLD,VLD,mcr4south,null,null,,,
Veldberg,SE7,railVLD,VLD,mcr8west,null,null,,,
Veldberg,SE7,railVLD,VLD,mcr8east,null,null,,,
,,,,,,,,,
Veldberg,Helipad,railVLH,VLH,mcr4north,null,null,,,
Veldberg,Helipad,railVLH,VLH,mcr4south,null,null,,,
,,,,,,,,,
Veldberg,Klipberg,railVLK,VLK,mcr4north,null,null,,,
Veldberg,Klipberg,railVLK,VLK,mcr4south,null,null,,,
,,,,,,,,,
Venceslo,Union Station,railVEN,VEN,rail11north,Track 6,null,Venceslo Midtown Multimodal Transit Center,Midtown Multimodal Transit Center,
Venceslo,Union Station,railVEN,VEN,rail11south,Track 5,null,Venceslo Midtown Multimodal Transit Center,Midtown Multimodal Transit Center,
,,,,,,,,,
Verdantium,Fenwick Square,railVFS,VFS,rail17west,Track 2,null,,,
Verdantium,Fenwick Square,railVFS,VFS,rail17east,Track 2,null,,,
Verdantium,Fenwick Square,railVFS,VFS,rail38north,Track 4,null,,,
Verdantium,Fenwick Square,railVFS,VFS,rail38south,Track 4,null,,,
Verdantium,Fenwick Square,railVFS,VFS,rail40north,Track 3,null,,,
Verdantium,Fenwick Square,railVFS,VFS,rail40south,Track 3,null,,,
Verdantium,Fenwick Square,railVFS,VFS,rail63north,Track 6,null,,,
Verdantium,Fenwick Square,railVFS,VFS,rail63south,Track 6,null,,,
Verdantium,Fenwick Square,railVFS,VFS,rail64north,Track 5,null,,,
Verdantium,Fenwick Square,railVFS,VFS,rail64south,Track 5,null,,,
,,,,,,,,,
Vermilion,Victory Square,railVVS,VVS,rail15north,Track 5,null,,,
Vermilion,Victory Square,railVVS,VVS,rail15south,Track 4,null,,,
Vermilion,Victory Square,railVVS,VVS,rail32north,Track 6,null,,,
Vermilion,Victory Square,railVVS,VVS,rail32south,Track 3,null,,,
,,,,,,,,,
Victoria,Coastal Point,railVCP,VCP,rail50north,null,null,,,
Victoria,Coastal Point,railVCP,VCP,rail50south,null,null,,,
,,,,,,,,,
Victoria,International Airport,railVIC,VIC,rail50north,Track 1,null,,,
Victoria,International Airport,railVIC,VIC,rail50south,Track 4,null,,,
Victoria,International Airport,railVIC,VIC,rail51west,Track 2,null,,,
Victoria,International Airport,railVIC,VIC,rail51east,Track 3,null,,,
,,,,,,,,,
Victoria,Preston,railVPR,VPR,rail50north,Track 2,null,,,
Victoria,Preston,railVPR,VPR,rail50south,Track 3,null,,,
Victoria,Preston,railVPR,VPR,rail51west,Track 1,null,,,
Victoria,Preston,railVPR,VPR,rail51east,Track 4,null,,,
,,,,,,,,,
Victoria,Southeast,railVSE,VSE,mcr8west,null,null,,,
Victoria,Southeast,railVSE,VSE,mcr8east,null,null,,,
,,,,,,,,,
Deadbush,Volkov Bay,railVKB,VKB,mcr7north,null,null,,,
Deadbush,Volkov Bay,railVKB,VKB,mcr7south,null,null,,,
,,,,,,,,,
Washingcube,null,railWSH,WSH,rail32north,Track 4,null,,,
Washingcube,null,railWSH,WSH,rail32south,Track 3,null,,,
Washingcube,null,railWSH,WSH,rail56north,Track 1,null,,,
Washingcube,null,railWSH,WSH,rail56south,Track 2,null,,,
,,,,,,,,,
Waterville,Downtown,railWTD,WTD,rail26north,null,null,,,
Waterville,Downtown,railWTD,WTD,rail26south,null,null,,,
,,,,,,,,,
Waterville,Union Station,railWTU,WTU,rail26north,Track 5,null,,,
Waterville,Union Station,railWTU,WTU,rail26south,Track 6,null,,,
Waterville,Union Station,railWTU,WTU,rail56north,Track 7,null,,,
Waterville,Union Station,railWTU,WTU,rail56south,Track 8,null,,,
,,,,,,,,,
Waverly,Edinburgh Station,railWAV,WAV,rail16north,null,null,,,
Waverly,Edinburgh Station,railWAV,WAV,rail16south,null,null,,,
,,,,,,,,,
Waverly,Junction,railWVJ,WVJ,rail16north,null,null,,,
Waverly,Junction,railWVJ,WVJ,rail16south,null,null,,,
,,,,,,,,,
Deadbush,Weezerville,railWEZ,WEZ,mcr7north,null,null,,,
Deadbush,Weezerville,railWEZ,WEZ,mcr7south,null,null,,,
,,,,,,,,,
West Calbar,Downtown,railWCD,WCD,rail6north,Track 2,null,,,
West Calbar,Downtown,railWCD,WCD,rail6south,Track 3,null,,,
West Calbar,Downtown,railWCD,WCD,rail56north,Track 4,null,,,
West Calbar,Downtown,railWCD,WCD,rail56south,Track 1,null,,,
,,,,,,,,,
Westburg-Central City,Beltway Terminal South,railBTS,BTS,rail6north,Track 2,null,Westburg,Central City,
Westburg-Central City,Beltway Terminal South,railBTS,BTS,rail6south,Track 3,null,Westburg,Central City,
Westburg-Central City,Beltway Terminal South,railBTS,BTS,mcr6north,Track 1,null,Westburg,Central City,
Westburg-Central City,Beltway Terminal South,railBTS,BTS,mcr6south,Track 4,null,Westburg,Central City,
,,,,,,,,,
Whitechapel,Border,railWHB,WHB,rail6north,Track 2,null,West Calbar,,
Whitechapel,Border,railWHB,WHB,rail6south,Track 2,null,West Calbar,,
Whitechapel,Border,railWHB,WHB,rail32north,Track 3,null,West Calbar,,
Whitechapel,Border,railWHB,WHB,rail32south,Track 3,null,West Calbar,,
Whitechapel,Border,railWHB,WHB,rail56north,Track 4,null,West Calbar,,
Whitechapel,Border,railWHB,WHB,rail56south,Track 4,null,West Calbar,,
,,,,,,,,,
Whitecliff,Central,railWCF,WCF,rail43west,Track 6,null,,,
Whitecliff,Central,railWCF,WCF,rail43east,Track 1,null,,,
,,,,,,,,,
Whiteley,Olympia-Cacturne Boulevards,railWHO,WHO,rail1west,Track 2,null,,,
Whiteley,Olympia-Cacturne Boulevards,railWHO,WHO,rail1east,Track 3,null,,,
Whiteley,Olympia-Cacturne Boulevards,railWHO,WHO,rail11north,Track 4,null,,,
Whiteley,Olympia-Cacturne Boulevards,railWHO,WHO,rail11south,Track 1,null,,,
,,,,,,,,,
Whiteley,Turing Square,railWTS,WTS,rail11north,Platform 9,null,,,
Whiteley,Turing Square,railWTS,WTS,rail11south,Platform 10,null,,,
,,,,,,,,,
Williamsburg,null,railWLB,WLB,rail33north,null,null,,,
Williamsburg,null,railWLB,WLB,rail33south,null,null,,,
,,,,,,,,,
Willow,Unrealistic Transport Terminal,railWLW,WLW,rail15north,Platform 13,null,,,
Willow,Unrealistic Transport Terminal,railWLW,WLW,rail15south,Platform 14,null,,,
Willow,Unrealistic Transport Terminal,railWLW,WLW,rail57north,Platform 12,null,,,
Willow,Unrealistic Transport Terminal,railWLW,WLW,rail57south,Platform 15,null,,,
,,,,,,,,,
Winterberg,null,railWBG,WBG,rail49north,Track 2,null,,,
Winterberg,null,railWBG,WBG,rail49south,Track 1,null,,,
,,,,,,,,,
Winterside,null,railWNS,WNS,rail54north,null,null,,,
,,,,,,,,,
Woodford,null,railWDF,WDF,rail40north,Track 1,null,,,
Woodford,null,railWDF,WDF,rail40south,Track 2,null,,,
,,,,,,,,,
Woodsbane,null,railWDB,WDB,rail29north,Track 2,null,,,
Woodsbane,null,railWDB,WDB,rail29south,Track 3,null,,,
Woodsbane,null,railWDB,WDB,rail32north,Track 1,null,,,
Woodsbane,null,railWDB,WDB,rail32south,Track 4,null,,,
,,,,,,,,,
Wythern,Transit Hub,railWYT,WYT,rail4west,Track 5,null,,,
Wythern,Transit Hub,railWYT,WYT,rail4east,Track 4,null,,,
,,,,,,,,,
Zaquar,Diamondplex Arena,railZQD,ZQD,rail2north,null,null,,,
Zaquar,Diamondplex Arena,railZQD,ZQD,rail2south,null,null,,,
,,,,,,,,,
Zaquar,Hummingbird Dock,railZQH,ZQH,rail2north,null,null,,,
Zaquar,Hummingbird Dock,railZQH,ZQH,rail2south,null,null,,,
,,,,,,,,,
Zaquar,Mnage et Trois Regional Airport,railZAQ,ZAQ,rail2north,Track 2,null,Zaquar Menage et Trois Regional Airport,Menage et Trois Regional Airport,
Zaquar,Mnage et Trois Regional Airport,railZAQ,ZAQ,rail2south,Track 1,null,Zaquar Menage et Trois Regional Airport,Menage et Trois Regional Airport,
,,,,,,,,,
Zaquar,North,railZQN,ZQN,rail2north,Track 4,null,,,
Zaquar,North,railZQN,ZQN,rail2south,Track 3,null,,,
Zaquar,North,railZQN,ZQN,rail29north,Track 2,null,,,
Zaquar,North,railZQN,ZQN,rail29south,Track 1,null,,,
,,,,,,,,,
Zaquar,Shores,railZQS,ZQS,rail2north,null,null,,,
Zaquar,Shores,railZQS,ZQS,rail2south,null,null,,,
,,,,,,,,,
Zaquar,Tanzanite Station,railZQT,ZQT,rail1west,Track 3,null,,,
Zaquar,Tanzanite Station,railZQT,ZQT,rail1east,Track 3,null,,,
Zaquar,Tanzanite Station,railZQT,ZQT,rail2north,Track 7,null,,,
Zaquar,Tanzanite Station,railZQT,ZQT,rail2south,Track 7,null,,,
Zaquar,Tanzanite Station,railZQT,ZQT,rail4west,Track 2,null,,,
Zaquar,Tanzanite Station,railZQT,ZQT,rail4east,Track 2,null,,,
Zaquar,Tanzanite Station,railZQT,ZQT,rail7north,Track 4,null,,,
Zaquar,Tanzanite Station,railZQT,ZQT,rail7south,Track 4,null,,,
Zaquar,Tanzanite Station,railZQT,ZQT,rail15north,Track 8,null,,,
Zaquar,Tanzanite Station,railZQT,ZQT,rail15south,Track 8,null,,,
Zaquar,Tanzanite Station,railZQT,ZQT,rail21west,Track 13,null,,,
Zaquar,Tanzanite Station,railZQT,ZQT,rail21east,Track 13,null,,,
Zaquar,Tanzanite Station,railZQT,ZQT,rail29north,Track 12,null,,,
Zaquar,Tanzanite Station,railZQT,ZQT,rail29south,Track 12,null,,,
Zaquar,Tanzanite Station,railZQT,ZQT,rail34north,Track 11,null,,,
Zaquar,Tanzanite Station,railZQT,ZQT,rail34south,Track 11,null,,,
Zaquar,Tanzanite Station,railZQT,ZQT,rail49north,Track 10,null,,,
Zaquar,Tanzanite Station,railZQT,ZQT,rail49south,Track 5,null,,,
Zaquar,Tanzanite Station,railZQT,ZQT,rail50north,Track 9,null,,,
Zaquar,Tanzanite Station,railZQT,ZQT,rail50south,Track 6,null,,,
Zaquar,Tanzanite Station,railZQT,ZQT,mcr1west,Track 1,null,,,
Zaquar,Tanzanite Station,railZQT,ZQT,mcr1east,Track 1,null,,,
,,,,,,,,,
Zaquar,Winfrey Waterport,railZQW,ZQW,rail2north,null,null,,,
Zaquar,Winfrey Waterport,railZQW,ZQW,rail2south,null,null,,,
,,,,,,,,,
Zerez,Thespe Railway Station,railZER,ZER,rail11north,Track 4,null,Zerez Central,,
Zerez,Thespe Railway Station,railZER,ZER,rail11south,Track 5,null,Zerez Central,,
Zerez,Thespe Railway Station,railZER,ZER,mcr1west,Track 6,null,Zerez Central,,
Zerez,Thespe Railway Station,railZER,ZER,mcr1east,Track 7,null,Zerez Central,,
,,,,,,,,,
Zuckerberg,null,railZUC,ZUC,rail51west,null,null,,,
Zuckerberg,null,railZUC,ZUC,rail51east,null,null,,,