Knoxford,,bahnKNX,bahnWHO,42,bahn1north,bahn1Jnorth,,,
Knoxford,,bahnKNX,bahnZQL,30,bahn1south,bahn1Jsouth,,,
,,,,,,,,,
Schillerton,Cowling Street,bahnSHC,bahnSHD,18,bahn1Isouth,bahn1Jnorth,bahn1JXnorth,,
Schillerton,Cowling Street,bahnSHC,bahnWHO,26,bahn1Jsouth,bahn1JXsouth,,,
Schillerton,Cowling Street,bahnSHC,bahnWHQ,44,bahn1Inorth,,,,
,,,,,,,,,
Schillerton,Division Street Terminal,bahnSHD,bahnSHC,18,bahn1Inorth,bahn1Jsouth,bahn1JXsouth,,
,,,,,,,,,
Whiteley,Olympia Boulevard,bahnWHO,bahnKNX,42,bahn1south,bahn1Jsouth,,,
Whiteley,Olympia Boulevard,bahnWHO,bahnSHC,26,bahn1Jnorth,bahn1JXnorth,,,
Whiteley,Olympia Boulevard,bahnWHO,bahnWHQ,34,bahn1north,bahn1Xnorth,,,
Whiteley,Olympia Boulevard,bahnWHO,bahnZQL,52,bahn1Xsouth,bahn1JXsouth,,,
,,,,,,,,,
Whiteley,Quins Junction,bahnWHQ,bahnSHC,44,bahn1Isouth,,,,
Whiteley,Quins Junction,bahnWHQ,bahnWHO,34,bahn1south,bahn1Xsouth,,,
,,,,,,,,,
Zaquar,Air & Sea Ports,bahnZQA,bahnZQL,20,bahn1north,bahn1Xnorth,bahn1Jnorth,bahn1JXnorth,bahnZQcw
Zaquar,Air & Sea Ports,bahnZQA,bahnZQT,14,bahnZQccw,,,,
,,,,,,,,,
Zaquar,Loreen Terminal,bahnZQL,bahnKNX,30,bahn1north,bahn1Jnorth,,,
Zaquar,Loreen Terminal,bahnZQL,bahnWHO,52,bahn1Xnorth,bahn1JXnorth,,,
Zaquar,Loreen Terminal,bahnZQL,bahnZQA,20,bahn1south,bahn1Xsouth,bahn1Jsouth,bahn1JXsouth,bahnZQccw
Zaquar,Loreen Terminal,bahnZQL,bahnZQT,35,bahnZQcw,,,,
,,,,,,,,,
Zaquar,Tanzanite Station,bahnZQT,bahnZQA,14,bahnZQcw,,,,
Zaquar,Tanzanite Station,bahnZQT,bahnZQL,35,bahnZQccw,,,,