Accerton,,railACC,railACA,1,rail40north,,,,
Accerton,,railACC,railNSS,1,rail40south,,,,
,,,,,,,,,
Achowalogen Takachsin,Digipool,railDIG,railMER,1,rail33north,,,,
Achowalogen Takachsin,Digipool,railDIG,railWLB,1,rail33south,,,,
,,,,,,,,,
Achowalogen Takachsin,Downtown Solution,railDSL,railOSL,1,rail29north,,,,
Achowalogen Takachsin,Downtown Solution,railDSL,railATS,1,rail29south,,,,
Achowalogen Takachsin,Downtown Solution,railDSL,railNHR,1,rail34north,,,,
Achowalogen Takachsin,Downtown Solution,railDSL,railATC,1,rail34south,,,,
,,,,,,,,,
Achowalogen Takachsin,Merchant City,railMER,railMMN,1,rail33north,rail39north,,,
Achowalogen Takachsin,Merchant City,railMER,railDIG,1,rail33south,,,,
Achowalogen Takachsin,Merchant City,railMER,railATC,1,rail39south,,,,
,,,,,,,,,
Achowalogen Takachsin,Outer Solarion,railOSL,railLAF,1,rail29north,,,,
Achowalogen Takachsin,Outer Solarion,railOSL,railDSL,1,rail29south,,,,
,,,,,,,,,
Achowalogen Takachsin,Suburb,railATS,railDSL,1,rail29north,,,,
Achowalogen Takachsin,Suburb,railATS,railATD,1,rail29south,,,,
,,,,,,,,,
Achowalogen Takachsin,West,railATW,railATD,1,rail29north,,,,
Achowalogen Takachsin,West,railATW,railATC,1,rail29south,,,,
,,,,,,,,,
Achowalogen Takachsin-Covina,Downtown,railATD,railATS,1,rail29north,,,,
Achowalogen Takachsin-Covina,Downtown,railATD,railATW,1,rail29south,,,,
,,,,,,,,,
Achowalogen Takachsin-Covina,International Airport,railATC,railATW,1,rail29north,,,,
Achowalogen Takachsin-Covina,International Airport,railATC,railWDB,1,rail29south,rail32south,,,
Achowalogen Takachsin-Covina,International Airport,railATC,railRCH,1,rail32north,,,,
Achowalogen Takachsin-Covina,International Airport,railATC,railDSL,1,rail34north,,,,
Achowalogen Takachsin-Covina,International Airport,railATC,railSLZ,1,rail34south,rail38south,,,
Achowalogen Takachsin-Covina,International Airport,railATC,railCOV,1,rail38north,,,,
Achowalogen Takachsin-Covina,International Airport,railATC,railMER,1,rail39north,,,,
Achowalogen Takachsin-Covina,International Airport,railATC,airATC,30,walk,,,,
,,,,,,,,,
Addison,,railADD,railTAI,1,rail66west,,,,
Addison,,railADD,railRAY,1,rail66east,,,,
,,,,,,,,,
Aeolia,,railAEO,railCAC,1,rail51west,,,,
Aeolia,,railAEO,railLCH,1,rail51east,,,,
,,,,,,,,,
Airchester,Airfield,railACA,railACH,1,rail40north,,,,
Airchester,Airfield,railACA,railACC,1,rail40south,,,,
Airchester,Airfield,railACA,airACA,30,walk,,,,
,,,,,,,,,
Airchester,Central,railACH,railLAF,1,rail38north,,,,
Airchester,Central,railACH,railNSS,1,rail38south,,,,
Airchester,Central,railACH,railSES,1,rail40north,,,,
Airchester,Central,railACH,railACA,1,rail40south,,,,
,,,,,,,,,
Alexandriasburg,,railALX,railNSV,1,mcr4south,,,,
,,,,,,,,,
Amestris,Cummins Highway,railAMC,railLHT,1,rail12east,,,,
,,,,,,,,,
Amestris,Washington Street,railAMW,railWCD,1,rail6north,,,,
Amestris,Washington Street,railAMW,railLHT,1,rail6south,,,,
,,,,,,,,,
Anthro Island,Airport,railAIS,railUUM,1,rail67north,,,,
Anthro Island,Airport,railAIS,railAIL,1,rail67south,,,,
Anthro Island,Airport,railAIS,airAIS,30,walk,,,,
,,,,,,,,,
Anthro Island,City Hall,railAIL,railAIS,1,rail67north,,,,
,,,,,,,,,
Antioch,Union Station,railANT,railSIA,1,rail29north,rail43north,,,
Antioch,Union Station,railANT,railMMA,1,rail29south,,,,
Antioch,Union Station,railANT,railPER,1,rail43south,,,,
,,,,,,,,,
Aprix,,railAPX,railESP,1,rail11north,,,,
Aprix,,railAPX,railMUS,1,rail11south,,,,
,,,,,,,,,
Arcadia,City Hall,railARC,railMAX,1,rail51west,rail52west,,,
Arcadia,City Hall,railARC,railDNA,1,rail51east,rail52east,,,
,,,,,,,,,
Arcadia,Dana Point,railDNA,railARC,1,rail51west,rail52west,,,
Arcadia,Dana Point,railDNA,railSSI,1,rail51east,rail52east,,,
,,,,,,,,,
Arendale,,railARN,railHAR,1,rail56north,,,,
Arendale,,railARN,railSPP,1,rail56south,,,,
,,,,,,,,,
Armada,,railAMD,railLUC,1,rail26north,,,,
Armada,,railAMD,railWTD,1,rail26south,,,,
Armada,,railAMD,railSNW,1,rail56north,,,,
Armada,,railAMD,railWTU,1,rail56south,,,,
,,,,,,,,,
Ashmore,,railASH,railMON,1,rail6north,,,,
Ashmore,,railASH,railSNK,1,rail6south,,,,
,,,,,,,,,
Aston,,railASN,railWRS,1,rail58south,,,,
,,,,,,,,,
Astoria,,railAST,railSLK,1,rail4west,rail49south,,,
Astoria,,railAST,railWYT,1,rail4east,,,,
Astoria,,railAST,railLEV,1,rail49north,,,,
Astoria,,railAST,railSDU,1,rail50north,,,,
Astoria,,railAST,railEBN,1,rail50south,,,,
,,,,,,,,,
Asuka,,railASK,railAUC,1,rail32north,,,,
Asuka,,railASK,railSVC,1,rail32south,,,,
,,,,,,,,,
Auckland,,railAUC,railMOR,1,rail32north,,,,
Auckland,,railAUC,railASK,1,rail32south,,,,
,,,,,,,,,
Aurora,,railAUR,railLAF,1,rail66west,,,,
Aurora,,railAUR,railLBX,1,rail66east,,,,
,,,,,,,,,
Bakersville,Fairfield Airfield,railBFA,railBWJ,1,rail12west,rail14south,,,
Bakersville,Fairfield Airfield,railBFA,railGCT,1,rail12east,rail14north,,,
Bakersville,Fairfield Airfield,railBFA,airBFA,30,walk,,,,
,,,,,,,,,
Bakersville,Grand Central,railGCT,railBFA,1,rail12west,rail14south,,,
Bakersville,Grand Central,railGCT,railBLV,1,rail17west,,,,
Bakersville,Grand Central,railGCT,railBVC,1,rail17east,,,,
Bakersville,Grand Central,railGCT,railBNC,1,rail69north,,,,
Bakersville,Grand Central,railGCT,railBTN,1,rail70south,,,,
,,,,,,,,,
Bakersville,New Carrollton Station,railBNC,railGCT,1,rail69south,,,,
,,,,,,,,,
Bakersville,Westchester Junction - Canal Works,railBWJ,railCAP,1,rail12west,,,,
Bakersville,Westchester Junction - Canal Works,railBWJ,railBFA,1,rail12east,rail14north,,,
Bakersville,Westchester Junction - Canal Works,railBWJ,railVSH,1,rail14south,,,,
,,,,,,,,,
Bawktown,Brick Street,railBWK,railLUM,1,rail63north,,,,
Bawktown,Brick Street,railBWK,railJUN,1,rail63south,,,,
Bawktown,Brick Street,railBWK,railCNW,1,rail64north,,,,
Bawktown,Brick Street,railBWK,railEND,1,rail64south,,,,
Bawktown,Brick Street,railBWK,railBKS,1,rail66west,,,,
Bawktown,Brick Street,railBWK,railKLE,1,rail66east,rail66Xeast,,,
Bawktown,Brick Street,railBWK,railLAP,1,rail66Xwest,,,,
,,,,,,,,,
Bawktown,South Station,railBKS,railRAY,1,rail66west,,,,
Bawktown,South Station,railBKS,railBWK,1,rail66east,,,,
,,,,,,,,,
Bechtel,,railBEC,railSHK,1,rail43west,,,,
Bechtel,,railBEC,railNIW,1,rail43east,,,,
,,,,,,,,,
Belvadere,,railBLV,railLAN,1,rail17west,,,,
Belvadere,,railBLV,railGCT,1,rail17east,,,,
,,,,,,,,,
Benion,Bus Exchange,railBEN,railBVC,1,rail48west,,,,
Benion,Bus Exchange,railBEN,railPHX,1,rail48east,,,,
,,,,,,,,,
BirchView,Central,railBVC,railNIP,1,rail7north,rail34north,,,
BirchView,Central,railBVC,railLAN,1,rail7south,,,,
BirchView,Central,railBVC,railGCT,1,rail17west,,,,
BirchView,Central,railBVC,railHGT,1,rail17east,,,,
BirchView,Central,railBVC,railMMN,1,rail33south,,,,
BirchView,Central,railBVC,railPHX,1,rail34south,,,,
BirchView,Central,railBVC,railBEN,1,rail48east,,,,
,,,,,,,,,
Birchwood,,railBCH,railSVG,1,rail15north,,,,
Birchwood,,railBCH,railRSE,1,rail15south,,,,
Birchwood,,railBCH,airBHM,30,walk,,,,
,,,,,,,,,
Birdhall,Transit Hub,railBRD,railTWJ,1,rail1west,,,,
Birdhall,Transit Hub,railBRD,railWHO,1,rail1east,,,,
Birdhall,Transit Hub,railBRD,railWAV,1,rail16north,,,,
Birdhall,Transit Hub,railBRD,railHSK,1,rail24south,,,,
Birdhall,Transit Hub,railBRD,railGHW,1,rail36west,,,,
,,,,,,,,,
Borealia,,railBOR,railSKO,1,rail15north,,,,
Borealia,,railBOR,railWLW,1,rail15south,,,,
Borealia,,railBOR,railICL,1,rail26north,,,,
Borealia,,railBOR,railLAR,1,rail26south,,,,
,,,,,,,,,
Boston,Clapham Junction,railBCJ,railZER,1,rail11north,,,,
Boston,Clapham Junction,railBCJ,railBWL,1,rail11south,,,,
Boston,Clapham Junction,railBCJ,railBSI,1,rail49north,,,,
Boston,Clapham Junction,railBCJ,railWBG,1,rail49south,,,,
Boston,Clapham Junction,railBCJ,railZQT,1,rail50north,,,,
Boston,Clapham Junction,railBCJ,railSBC,1,rail50south,,,,
,,,,,,,,,
Boston,Stratford International,railBSI,railZQT,1,rail49north,,,,
Boston,Stratford International,railBSI,railBCJ,1,rail49south,,,,
,,,,,,,,,
Boston,Waterloo Station,railBWL,railBCJ,1,rail11north,,,,
,,,,,,,,,
Bridgeport,,railBDG,railMAL,1,mcr2north,mcr3north,,,
Bridgeport,,railBDG,railEEP,1,mcr2south,mcr3south,,,
,,,,,,,,,
Bristol,,railBRS,railSWE,1,rail59north,,,,
,,,,,,,,,
Broville,,railBRO,railPAD,1,rail17west,rail40south,,,
Broville,,railBRO,railMRT,1,rail17east,rail40north,,,
Broville,,railBRO,airBRO,30,walk,,,,
,,,,,,,,,
Broxbourne,,railBRX,railRNK,1,rail43west,,,,
Broxbourne,,railBRX,railNLD,1,rail43east,,,,
,,,,,,,,,
Cactus River,IntraRail Station,railCAC,railVLD,1,rail51west,,,,
Cactus River,IntraRail Station,railCAC,railAEO,1,rail51east,,,,
,,,,,,,,,
Cactus River,MCR Station,railCTS,railVLD,1,mcr8west,,,,
,,,,,,,,,
Cadencia,,railCAD,railRVP,1,rail63north,,,,
Cadencia,,railCAD,railEND,1,rail63south,,,,
,,,,,,,,,
Capsville,,railCAP,railLTH,1,rail12west,,,,
Capsville,,railCAP,railBWJ,1,rail12east,,,,
,,,,,,,,,
Central City,Beltway Terminal North,railBTN,railSNK,1,rail6north,,,,
Central City,Beltway Terminal North,railBTN,railBTS,1,rail6south,mcr6south,,,
Central City,Beltway Terminal North,railBTN,railCOR,1,rail7north,,,,
Central City,Beltway Terminal North,railBTN,railSEA,1,rail7south,,,,
Central City,Beltway Terminal North,railBTN,railCWE,1,rail32north,,,,
Central City,Beltway Terminal North,railBTN,railCCW,1,rail32south,rail40north,,,
Central City,Beltway Terminal North,railBTN,railGCT,1,rail70north,,,,
Central City,Beltway Terminal North,railBTN,railSNF,1,rail70south,,,,
,,,,,,,,,
Central City,MRT Land,railMRL,railTRI,1,rail40north,,,,
Central City,MRT Land,railMRL,railCCW,1,rail40south,,,,
,,,,,,,,,
Central City,Warp Rail Terminal,railCCW,railBTN,1,rail32north,rail40south,,,
Central City,Warp Rail Terminal,railCCW,railRCH,1,rail32south,,,,
Central City,Warp Rail Terminal,railCCW,railGZA,1,rail33north,,,,
Central City,Warp Rail Terminal,railCCW,railMRL,1,rail40north,,,,
Central City,Warp Rail Terminal,railCCW,railRFN,1,mcr3south,,,,
,,,,,,,,,
Chalxior,Femtoprism Airfield,railCFA,railSGV,1,rail7north,,,,
Chalxior,Femtoprism Airfield,railCFA,railSIA,1,rail7south,rail34south,,,
Chalxior,Femtoprism Airfield,railCFA,railOPA,1,rail29north,rail34north,,,
Chalxior,Femtoprism Airfield,railCFA,railPIL,1,rail29south,rail43east,,,
Chalxior,Femtoprism Airfield,railCFA,railWCF,1,rail43west,,,,
Chalxior,Femtoprism Airfield,railCFA,railCWD,1,rail46west,,,,
Chalxior,Femtoprism Airfield,railCFA,airCFA,30,walk,,,,
,,,,,,,,,
Chalxior,Western Docks,railCWD,railCFA,1,rail46east,,,,
,,,,,,,,,
Chan Bay,,railCHN,railKAN,1,mcr1east,,,,
Chan Bay,,railCHN,railTEM,1,mcr9south,,,,
,,,,,,,,,
Chansee,,railCHS,railJUN,1,rail63north,,,,
Chansee,,railCHS,railRVP,1,rail63south,,,,
,,,,,,,,,
Cherrywood,,railCHY,railLAZ,1,rail66west,,,,
Cherrywood,,railCHY,railSSP,1,rail66east,,,,
,,,,,,,,,
Christi,,railCRS,railLAC,1,rail6north,,,,
Christi,,railCRS,railCOR,1,rail6south,,,,
,,,,,,,,,
Coalwood,,railCOA,railFMN,1,rail15north,,,,
Coalwood,,railCOA,railMUS,1,rail15south,,,,
,,,,,,,,,
Conricsto,,railCON,railSEG,1,rail3west,,,,
Conricsto,,railCON,railSLZ,1,rail3east,,,,
Conricsto,,railCON,railRFD,1,mcr3north,,,,
Conricsto,,railCON,railDLN,1,mcr3south,,,,
Conricsto,,railCON,railSDY,1,mcr6north,,,,
Conricsto,,railCON,railPAL,1,mcr6south,,,,
,,,,,,,,,
Cornus,Central,railCOR,railCRS,1,rail6north,,,,
Cornus,Central,railCOR,railMON,1,rail6south,,,,
Cornus,Central,railCOR,railLAC,1,rail7north,,,,
Cornus,Central,railCOR,railBTN,1,rail7south,,,,
,,,,,,,,,
Cornwall,Great Union Terminal,railCNW,railMRT,1,rail17west,rail40south,,,
Cornwall,Great Union Terminal,railCNW,railVFS,1,rail17east,rail38north,rail40north,rail63north,rail64north
Cornwall,Great Union Terminal,railCNW,railNYM,1,rail38south,,,,
Cornwall,Great Union Terminal,railCNW,railKEV,1,rail63south,,,,
Cornwall,Great Union Terminal,railCNW,railBWK,1,rail64south,,,,
,,,,,,,,,
Covina,Bus Station,railCOV,railNSS,1,rail38north,,,,
Covina,Bus Station,railCOV,railATC,1,rail38south,,,,
,,,,,,,,,
Creeperville,Haneda Airport,railHND,railCSK,1,rail54north,,,,
Creeperville,Haneda Airport,railHND,airHND,30,walk,,,,
,,,,,,,,,
Creeperville,Sakura Park,railCSK,railCRP,1,rail54north,,,,
Creeperville,Sakura Park,railCSK,railNCP,1,rail54south,,,,
Creeperville,Sakura Park,railCSK,railHND,1,rail55south,,,,
,,,,,,,,,
Creeperville,Shimoko,railCRP,railNIP,1,rail17west,,,,
Creeperville,Shimoko,railCRP,railANA,1,rail17east,,,,
Creeperville,Shimoko,railCRP,railCSK,1,rail54south,,,,
,,,,,,,,,
Cremona,,railCRM,railMUR,1,rail52east,,,,
,,,,,,,,,
Dabecco,,railDAB,railWDB,1,rail29north,,,,
Dabecco,,railDAB,railSLZ,1,rail29south,,,,
,,,,,,,,,
Dand,Grand Central,railDND,railSVT,1,rail49north,,,,
Dand,Grand Central,railDND,railFUL,1,rail51west,,,,
Dand,Grand Central,railDND,railDNS,1,rail51east,,,,
,,,,,,,,,
Dand,Stoneburg Resort,railDNS,railDND,1,rail51west,,,,
Dand,Stoneburg Resort,railDNS,railSSD,1,rail51east,,,,
,,,,,,,,,
Danielston,Paisley Place Transportation Center,railDAN,railFMN,1,rail32north,,,,
Danielston,Paisley Place Transportation Center,railDAN,railCWE,1,rail32south,,,,
,,,,,,,,,
Deadbush,Blackwater,railDBB,railDBP,1,mcr1west,,,,
Deadbush,Blackwater,railDBB,railDBE,1,mcr1east,,,,
Deadbush,Blackwater,railDBB,railDBV,1,mcr7south,,,,
,,,,,,,,,
Deadbush,Centro,railGHW,railBRD,1,rail36east,,,,
,,,,,,,,,
Deadbush,Euphorial,railDBE,railDBB,1,mcr1west,,,,
Deadbush,Euphorial,railDBE,railQUA,1,mcr1east,,,,
,,,,,,,,,
Deadbush,Peachtree City,railDBP,railGEM,1,mcr1west,,,,
Deadbush,Peachtree City,railDBP,railDBB,1,mcr1east,,,,
Deadbush,Peachtree City,railDBP,airDFM,30,walk,,,,
,,,,,,,,,
Deadbush,Valletta,railDBV,railDBB,1,mcr7north,,,,
Deadbush,Valletta,railDBV,railWEZ,1,mcr7south,,,,
,,,,,,,,,
Delta City,IntraRail Station,railDLC,railUTP,1,rail15north,,,,
Delta City,IntraRail Station,railDLC,railMTH,1,rail15south,,,,
,,,,,,,,,
Delta City,First Street,railDLF,railMMR,1,mcr2north,,,,
Delta City,First Street,railDLF,railMAL,1,mcr2south,,,,
,,,,,,,,,
Delta City,North,railDLN,railCON,1,mcr3north,,,,
Delta City,North,railDLN,railMAL,1,mcr3south,,,,
,,,,,,,,,
Eagleshore,,railEAG,railRSE,1,rail15north,,,,
Eagleshore,,railEAG,railSVA,1,rail15south,,,,
,,,,,,,,,
East Mesa,M. Bubbles Station,railESM,railUUM,1,rail66west,rail66Xwest,rail67south,,
,,,,,,,,,
Edwardsburg,,railEDW,railVSE,1,mcr8east,,,,
,,,,,,,,,
Eep,,railEEP,railOCJ,1,mcr1west,,,,
Eep,,railEEP,railSHM,1,mcr1east,,,,
Eep,,railEEP,railBDG,1,mcr2north,mcr3north,,,
,,,,,,,,,
Elecna Bay,Kelvinside Central,railKLV,railEBN,1,rail4west,rail49south,,,
Elecna Bay,Kelvinside Central,railKLV,railSLK,1,rail4east,rail49north,,,
,,,,,,,,,
Elecna Bay,North,railEBN,railZQT,1,rail4west,rail49south,rail50south,,
Elecna Bay,North,railEBN,railKLV,1,rail4east,rail49north,,,
Elecna Bay,North,railEBN,railAST,1,rail50north,,,,
,,,,,,,,,
Endor,,railEND,railCAD,1,rail63north,,,,
Endor,,railEND,railGRS,1,rail63south,rail64south,,,
Endor,,railEND,railBWK,1,rail64north,,,,
,,,,,,,,,
Enspington,Anbury Square Railway Station,railENS,railMMA,1,rail43west,,,,
Enspington,Anbury Square Railway Station,railENS,railRVU,1,rail43east,,,,
,,,,,,,,,
Espil,Euvis Transfer,railEUV,railESP,1,rail16north,,,,
Espil,Euvis Transfer,railEUV,railWVJ,1,rail16south,,,,
,,,,,,,,,
Espil,Sanders Station,railESP,railAPX,1,rail11south,,,,
Espil,Sanders Station,railESP,railEUV,1,rail16south,,,,
,,,,,,,,,
Ezzo City,,railEZO,railVVS,1,rail32north,,,,
Ezzo City,,railEZO,railKNX,1,rail32south,,,,
,,,,,,,,,
Foresne,Liveray,railFLV,railSLN,1,rail51east,,,,
,,,,,,,,,
Formosa,MCR Station,railFRM,railBTS,1,mcr6north,,,,
Formosa,MCR Station,railFRM,railWYN,1,mcr6south,,,,
,,,,,,,,,
Formosa,Northern,railFMN,railKNT,1,rail15north,rail32north,,,
Formosa,Northern,railFMN,railCOA,1,rail15south,,,,
Formosa,Northern,railFMN,railCWW,1,rail22east,,,,
Formosa,Northern,railFMN,railDAN,1,rail32south,,,,
,,,,,,,,,
Formosa-Sealane-Danielston,UCWT International Airport East,railCWE,railSEA,1,rail6north,rail7north,,,
Formosa-Sealane-Danielston,UCWT International Airport East,railCWE,railSEG,1,rail6south,rail7south,,,
Formosa-Sealane-Danielston,UCWT International Airport East,railCWE,railDAN,1,rail32north,,,,
Formosa-Sealane-Danielston,UCWT International Airport East,railCWE,railBTN,1,rail32south,,,,
Formosa-Sealane-Danielston,UCWT International Airport East,railCWE,airCWI,30,walk,,,,
Formosa-Sealane-Danielston,UCWT International Airport East,railCWE,busCWI,30,walk,,,,
,,,,,,,,,
Formosa-Sealane-Danielston,UCWT International Airport West,railCWW,railFMN,1,rail22west,,,,
Formosa-Sealane-Danielston,UCWT International Airport West,railCWW,airCWI,30,walk,,,,
Formosa-Sealane-Danielston,UCWT International Airport West,railCWW,busCWI,30,walk,,,,
,,,,,,,,,
Fort Chipewyan,,railFCP,railTIT,1,rail17west,,,,
Fort Chipewyan,,railFCP,railNYM,1,rail17east,,,,
,,,,,,,,,
Fort Yaxier,Central,railFYC,railZQT,1,rail21west,,,,
,,,,,,,,,
Fortaleza,,railFTL,railFSH,1,rail32north,,,,
Fortaleza,,railFTL,railSTR,1,rail32south,,,,
,,,,,,,,,
Freedon,Phos City District,railPHO,railNBT,1,rail40north,,,,
Freedon,Phos City District,railPHO,railSXG,1,rail40south,,,,
Freedon,Phos City District,railPHO,railFTH,1,rail42north,,,,
Freedon,Phos City District,railPHO,railIZU,1,rail42south,,,,
,,,,,,,,,
Freedon,Quartzwood Regional Airfield,railFQR,railFSI,1,rail42north,,,,
Freedon,Quartzwood Regional Airfield,railFQR,railFTH,1,rail42south,,,,
Freedon,Quartzwood Regional Airfield,railFQR,airFQR,30,walk,,,,
,,,,,,,,,
Freedon,Silverwood International Airport,railFSI,railFQR,1,rail42south,,,,
Freedon,Silverwood International Airport,railFSI,airFSI,30,walk,,,,
,,,,,,,,,
Freedon,Town Hall,railFTH,railFQR,1,rail42north,,,,
Freedon,Town Hall,railFTH,railPHO,1,rail42south,,,,
,,,,,,,,,
Freshney,,railFSH,railWSH,1,rail32north,,,,
Freshney,,railFSH,railFTL,1,rail32south,,,,
,,,,,,,,,
Fulton,,railFUL,railSLN,1,rail51west,,,,
Fulton,,railFUL,railDND,1,rail51east,,,,
,,,,,,,,,
Funnyland,,railFUN,railUPG,1,rail43west,,,,
Funnyland,,railFUN,railSVO,1,rail43east,,,,
,,,,,,,,,
Gemstride,,railGEM,railPNW,1,mcr1west,,,,
Gemstride,,railGEM,railDBP,1,mcr1east,,,,
Gemstride,,railGEM,airGSM,30,walk,,,,
,,,,,,,,,
Geneva Bay,Hendon Road,railGNV,railWNS,1,rail54north,,,,
,,,,,,,,,
Geneva Bay,New Indigo International Airport,railGBE,railGNV,1,rail54north,,,,
Geneva Bay,New Indigo International Airport,railGBE,airGBE,30,walk,,,,
,,,,,,,,,
Grayzen,Central,railGZC,railGZF,1,rail37north,,,,
Grayzen,Central,railGZC,railGZA,1,rail37south,,,,
,,,,,,,,,
Grayzen,Financial District,railGZF,railGZC,1,rail37south,,,,
,,,,,,,,,
Grayzen,National Airport,railGZA,railWLB,1,rail33north,,,,
Grayzen,National Airport,railGZA,railCCW,1,rail33south,,,,
Grayzen,National Airport,railGZA,railGZC,1,rail37north,,,,
Grayzen,National Airport,railGZA,airGZA,30,walk,,,,
,,,,,,,,,
Greenfields,,railGNF,railWDF,1,rail40north,,,,
Greenfields,,railGNF,railJAI,1,rail40south,,,,
,,,,,,,,,
Grisville,,railGRS,railEND,1,rail63north,rail64north,,,
,,,,,,,,,
Hacienda Mojito,,railMOJ,railWEZ,1,mcr7north,,,,
Hacienda Mojito,,railMOJ,railVKB,1,mcr7south,,,,
,,,,,,,,,
Halberd Bay,,railHAL,railJEB,1,rail32north,,,,
Halberd Bay,,railHAL,railMOR,1,rail32south,,,,
,,,,,,,,,
Harrington,,railHAR,railPAS,1,rail56north,,,,
Harrington,,railHAR,railARN,1,rail56south,,,,
,,,,,,,,,
Haskaa,,railHSK,railBRD,1,rail24north,,,,
,,,,,,,,,
Heampstead,Kings Cross Railway Terminal,railHMP,railTWJ,1,rail1east,,,,
Heampstead,Kings Cross Railway Terminal,railHMP,airHMH,30,walk,,,,
,,,,,,,,,
Heights City,,railHGT,railBVC,1,rail17west,,,,
Heights City,,railHGT,railQUI,1,rail17east,,,,
,,,,,,,,,
Hendon,,railHEN,railSCU,1,rail54south,,,,
,,,,,,,,,
Icelake,,railICL,railSKO,1,rail26north,,,,
Icelake,,railICL,railBOR,1,rail26south,,,,
,,,,,,,,,
Ilirea,Airport Station,railIXM,railMOR,1,rail15north,,,,
Ilirea,Airport Station,railIXM,railITC,1,rail15south,rail32south,,,
Ilirea,Airport Station,railIXM,railMMC,1,rail32north,,,,
Ilirea,Airport Station,railIXM,airIXM,30,walk,,,,
,,,,,,,,,
Ilirea,Transit Center,railITC,railIXM,1,rail15north,rail32north,,,
Ilirea,Transit Center,railITC,railVVS,1,rail15south,rail32south,,,
Ilirea,Transit Center,railITC,airITC,30,walk,,,,
,,,,,,,,,
Isle of Chez,,railCHZ,railMTH,1,rail29north,,,,
Isle of Chez,,railCHZ,railZQN,1,rail29south,,,,
,,,,,,,,,
Izumo,,railIZU,railPHO,1,rail42north,,,,
Izumo,,railIZU,railSXG,1,rail42south,,,,
,,,,,,,,,
Jaikrunda,,railJAI,railGNF,1,rail40north,,,,
Jaikrunda,,railJAI,railNBC,1,rail40south,,,,
,,,,,,,,,
Jeb,,railJEB,railMOL,1,rail32north,,,,
Jeb,,railJEB,railHAL,1,rail32south,,,,
,,,,,,,,,
Jungleville,,railJUN,railBWK,1,rail63north,,,,
Jungleville,,railJUN,railCHS,1,rail63south,,,,
,,,,,,,,,
Kaleville,,railKLE,railBWK,1,rail66west,rail66Xwest,,,
Kaleville,,railKLE,railNAS,1,rail66east,rail66Xeast,,,
,,,,,,,,,
Kanterlyn,,railKAN,railCHN,1,mcr1west,,,,
Kanterlyn,,railKAN,railTRE,1,mcr1east,,,,
,,,,,,,,,
Kenthurst,Aerodrome,railKNT,railKNX,1,rail15north,rail32north,,,
Kenthurst,Aerodrome,railKNT,railFMN,1,rail15south,rail32south,,,
Kenthurst,Aerodrome,railKNT,airKNT,30,walk,,,,
,,,,,,,,,
Kenthurst,Xenonite,railKNX,railVVS,1,rail15north,,,,
Kenthurst,Xenonite,railKNX,railEZO,1,rail32north,,,,
Kenthurst,Xenonite,railKNX,railKNT,1,rail15south,rail32south,,,
,,,,,,,,,
Kevtopolis,,railKEV,railCNW,1,rail63north,,,,
Kevtopolis,,railKEV,railUPW,1,rail63south,,,,
,,,,,,,,,
Kolpino,City Airport,railKPC,railKLP,1,rail20west,,,,
Kolpino,City Airport,railKPC,railAFK,1,rail20east,,,,
Kolpino,City Airport,railKPC,airKPC,30,walk,,,,
,,,,,,,,,
Kolpino,Lubov Avenue,railKLP,railKPC,1,rail20east,,,,
,,,,,,,,,
Laclede,Airport Plaza,railLHT,railAMW,1,rail6north,,,,
Laclede,Airport Plaza,railLHT,railLAC,1,rail6south,rail7south,rail12east,,
Laclede,Airport Plaza,railLHT,railHZN,1,rail7north,,,,
Laclede,Airport Plaza,railLHT,railAMC,1,rail12west,,,,
Laclede,Airport Plaza,railLHT,airLHT,30,walk,,,,
,,,,,,,,,
Laclede,Central,railLAC,railLHT,1,rail6north,rail7north,rail12west,,
Laclede,Central,railLAC,railCRS,1,rail6south,,,,
Laclede,Central,railLAC,railCOR,1,rail7south,,,,
Laclede,Central,railLAC,railLTH,1,rail12east,,,,
,,,,,,,,,
Laclede,Theater District - Xavier Airport,railLTH,railLAC,1,rail12west,,,,
Laclede,Theater District - Xavier Airport,railLTH,railCAP,1,rail12east,,,,
,,,,,,,,,
Lanark,Central,railLAN,railBVC,1,rail7north,,,,
Lanark,Central,railLAN,railHZN,1,rail7south,,,,
Lanark,Central,railLAN,railPNE,1,rail13north,,,,
Lanark,Central,railLAN,railBLV,1,rail17east,,,,
Lanark,Central,railLAN,airLIH,30,walk,,,,
Lanark,Central,railLAN,airLNK,30,walk,,,,
,,,,,,,,,
Lanark-Konawa,Horizon National Airport,railHZN,railLAN,1,rail7north,,,,
Lanark-Konawa,Horizon National Airport,railHZN,railLHT,1,rail7south,,,,
Lanark-Konawa,Horizon National Airport,railHZN,railWTU,1,rail26north,,,,
Lanark-Konawa,Horizon National Airport,railHZN,airHZN,30,walk,,,,
Lanark-Konawa,Horizon National Airport,railHZN,busHZN,30,walk,,,,
,,,,,,,,,
Langley Heath,,railLNG,railNYM,1,rail40north,,,,
Langley Heath,,railLNG,railWDF,1,rail40south,,,,
,,,,,,,,,
Lapis Bay,Expo East Airport,railLBX,railAUR,1,rail66west,,,,
Lapis Bay,Expo East Airport,railLBX,railLAP,1,rail66east,rail66Xeast,,,
Lapis Bay,Expo East Airport,railLBX,railLAF,1,rail66Xwest,,,,
Lapis Bay,Expo East Airport,railLBX,airLBX,30,walk,,,,
,,,,,,,,,
Lapis Bay,Venessa Bay,railLAP,railLBX,1,rail66west,rail66Xwest,,,
Lapis Bay,Venessa Bay,railLAP,railLAZ,1,rail66east,,,,
Lapis Bay,Venessa Bay,railLAP,railBWK,1,rail66Xeast,,,,
,,,,,,,,,
Larkspur,Beckham Cross Terminal,railLRK,railLAR,1,rail26north,,,,
Larkspur,Beckham Cross Terminal,railLRK,railSNW,1,rail26south,,,,
Larkspur,Beckham Cross Terminal,railLRK,railWLW,1,rail57south,,,,
,,,,,,,,,
Larkspur,Lilyflower International Airport,railLAR,railBOR,1,rail26north,,,,
Larkspur,Lilyflower International Airport,railLAR,railLRK,1,rail26south,,,,
Larkspur,Lilyflower International Airport,railLAR,airLAR,30,walk,,,,
,,,,,,,,,
Lazure,,railLAZ,railLAP,1,rail66west,,,,
Lazure,,railLAZ,railCHY,1,rail66east,,,,
,,,,,,,,,
Levittown,East,railLEV,railSOK,1,rail49north,,,,
Levittown,East,railLEV,railAST,1,rail49south,,,,
,,,,,,,,,
Lichtenburg,,railLCH,railAEO,1,rail51west,,,,
Lichtenburg,,railLCH,railZUC,1,rail51east,,,,
,,,,,,,,,
Llanrwst Newydd,,railWRS,railASN,1,rail58north,,,,
Llanrwst Newydd,,railWRS,railUPG,1,rail58south,,,,
,,,,,,,,,
Lochminehead,Trijunction,railTRI,railSYL,1,rail40north,,,,
Lochminehead,Trijunction,railTRI,railMRL,1,rail40south,,,,
,,,,,,,,,
Los Angeles,Florensia Memorial Station,railFLO,railLAF,1,rail66east,rail66Xeast,,,
,,,,,,,,,
Los Angeles-Farwater,Union Station,railLAF,railVLM,1,rail29north,rail40north,,,
Los Angeles-Farwater,Union Station,railLAF,railOSL,1,rail29south,,,,
Los Angeles-Farwater,Union Station,railLAF,railNBM,1,rail38north,,,,
Los Angeles-Farwater,Union Station,railLAF,railACH,1,rail38south,,,,
Los Angeles-Farwater,Union Station,railLAF,railSES,1,rail40south,,,,
Los Angeles-Farwater,Union Station,railLAF,railFLO,1,rail66west,rail66Xwest,,,
Los Angeles-Farwater,Union Station,railLAF,railAUR,1,rail66east,,,,
Los Angeles-Farwater,Union Station,railLAF,railLBX,1,rail66Xeast,,,,
Los Angeles-Farwater,Union Station,railLAF,airFLC,30,walk,,,,
Los Angeles-Farwater,Union Station,railLAF,busLAF,30,walk,,,,
,,,,,,,,,
Lucerne,,railLUC,railSNW,1,rail26north,,,,
Lucerne,,railLUC,railAMD,1,rail26south,,,,
,,,,,,,,,
Lumia,National Park,railLUM,railMAN,1,rail63north,,,,
Lumia,National Park,railLUM,railBWK,1,rail63south,,,,
,,,,,,,,,
MRT Marina,,railMMN,railBVC,1,rail33north,,,,
MRT Marina,,railMMN,railMER,1,rail33south,rail39south,,,
,,,,,,,,,
Mallison,,railMAL,railDLF,1,mcr2north,,,,
Mallison,,railMAL,railBDG,1,mcr2south,mcr3south,,,
Mallison,,railMAL,railDLN,1,mcr3north,,,,
,,,,,,,,,
Manhasset,,railMAN,railRBG,1,rail63north,,,,
Manhasset,,railMAN,railLUM,1,rail63south,,,,
,,,,,,,,,
Mason City,International Airport,railMCI,railMAS,1,rail34north,,,,
Mason City,International Airport,railMCI,railNHD,1,rail34south,,,,
Mason City,International Airport,railMCI,airMCI,30,walk,,,,
,,,,,,,,,
Mason City,King Redtie III Station,railMAS,railPHX,1,rail34north,,,,
Mason City,King Redtie III Station,railMAS,railMCI,1,rail34south,,,,
Mason City,King Redtie III Station,railMAS,railNPT,1,rail48west,,,,
,,,,,,,,,
Matheson,IntraRail Station,railMTH,railDLC,1,rail15north,,,,
Matheson,IntraRail Station,railMTH,railZQT,1,rail15south,,,,
Matheson,IntraRail Station,railMTH,railSLZ,1,rail29north,,,,
Matheson,IntraRail Station,railMTH,railCHZ,1,rail29south,,,,
,,,,,,,,,
Matheson,MCR Station,railMMR,railSSM,1,mcr2north,,,,
Matheson,MCR Station,railMMR,railDLF,1,mcr2south,,,,
,,,,,,,,,
MeTromso,,railTRM,railWBG,1,rail49north,,,,
MeTromso,,railTRM,railROS,1,rail49south,,,,
,,,,,,,,,
Mega Motion City,,railMMC,railSVC,1,rail32north,,,,
Mega Motion City,,railMMC,railIXM,1,rail32south,,,,
,,,,,,,,,
Merritt Lakes,,railMRT,railBRO,1,rail17west,rail40south,,,
Merritt Lakes,,railMRT,railCNW,1,rail17east,rail40north,,,
,,,,,,,,,
Metamesa,Central,railMET,railNAS,1,rail66west,rail66Xwest,,,
Metamesa,Central,railMET,railNGT,1,rail66east,rail66Xeast,,,
,,,,,,,,,
Moleville,,railMOL,railNAU,1,rail32north,,,,
Moleville,,railMOL,railJEB,1,rail32south,,,,
,,,,,,,,,
Mons Pratus,Transportation Hub,railMON,railCOR,1,rail6north,,,,
Mons Pratus,Transportation Hub,railMON,railASH,1,rail6south,,,,
Mons Pratus,Transportation Hub,railMON,railVSH,1,rail14north,,,,
,,,,,,,,,
Mons Pratus,Vashann,railVSH,railBWJ,1,rail14north,,,,
Mons Pratus,Vashann,railVSH,railMON,1,rail14south,,,,
,,,,,,,,,
Montagnas,,railMTG,railSXG,1,rail40north,,,,
Montagnas,,railMTG,railSCR,1,rail40south,,,,
,,,,,,,,,
Moramoa,Mixed Martial Arts Airfield,railMMA,railANT,1,rail29north,,,,
Moramoa,Mixed Martial Arts Airfield,railMMA,railSEU,1,rail29south,,,,
Moramoa,Mixed Martial Arts Airfield,railMMA,railPER,1,rail43west,,,,
Moramoa,Mixed Martial Arts Airfield,railMMA,railENS,1,rail43east,,,,
Moramoa,Mixed Martial Arts Airfield,railMMA,airMMA,30,walk,,,,
,,,,,,,,,
Morihama,,railMOR,railSVF,1,rail15north,,,,
Morihama,,railMOR,railIXM,1,rail15south,,,,
Morihama,,railMOR,railHAL,1,rail32north,,,,
Morihama,,railMOR,railAUC,1,rail32south,,,,
,,,,,,,,,
Murrville,Central,railMUR,railVPR,1,rail50north,,,,
Murrville,Central,railMUR,railMAX,1,rail50south,rail51east,rail52east,,
Murrville,Central,railMUR,railSPT,1,rail51west,,,,
Murrville,Central,railMUR,railCRM,1,rail52west,,,,
,,,,,,,,,
Murrville-Arcadia,International Airport,railMAX,railMUR,1,rail50north,rail51west,rail52west,,
Murrville-Arcadia,International Airport,railMAX,railSSI,1,rail50south,,,,
Murrville-Arcadia,International Airport,railMAX,railARC,1,rail51east,rail52east,,,
Murrville-Arcadia,International Airport,railMAX,airMAX,30,walk,,,,
,,,,,,,,,
Musique,,railMUS,railAPX,1,rail11north,,,,
Musique,,railMUS,railAFK,1,rail11south,rail15south,,,
Musique,,railMUS,railCOA,1,rail15north,,,,
Musique,,railMUS,railMSM,1,mcr6north,,,,
Musique,,railMUS,railUTP,1,mcr6south,,,,
,,,,,,,,,
Musique,Spruce Mountain,railMSM,railWYN,1,mcr6north,,,,
Musique,Spruce Mountain,railMSM,railMUS,1,mcr6south,,,,
,,,,,,,,,
Nauvis,,railNAU,railSVF,1,rail32north,,,,
Nauvis,,railNAU,railMOL,1,rail32south,,,,
,,,,,,,,,
New Acreadium,Central District,railNAC,railPIL,1,rail29north,rail43west,,,
New Acreadium,Central District,railNAC,railSIA,1,rail29south,rail43east,,,
,,,,,,,,,
New Acreadium,Schiphol Airport,railSIA,railCFA,1,rail7north,rail34north,,,
New Acreadium,Schiphol Airport,railSIA,railTAK,1,rail7south,,,,
New Acreadium,Schiphol Airport,railSIA,railNAC,1,rail29north,rail43west,,,
New Acreadium,Schiphol Airport,railSIA,railANT,1,rail29south,rail43east,,,
New Acreadium,Schiphol Airport,railSIA,railNIP,1,rail34south,,,,
New Acreadium,Schiphol Airport,railSIA,airSIA,30,walk,,,,
,,,,,,,,,
New Ashmore,,railNAS,railKLE,1,rail66west,rail66Xwest,,,
New Ashmore,,railNAS,railMET,1,rail66east,rail66Xeast,,,
,,,,,,,,,
New Bakersville City,Bay Parkway,railNBB,railNBM,1,rail29north,rail40north,,,
New Bakersville City,Bay Parkway,railNBB,railPEA,1,rail29south,rail40south,,,
,,,,,,,,,
New Bakersville City,Midtown Railway Station,railNBM,railNBC,1,rail29north,rail40north,,,
New Bakersville City,Midtown Railway Station,railNBM,railNBB,1,rail29south,rail40south,,,
New Bakersville City,Midtown Railway Station,railNBM,railNYM,1,rail38north,,,,
New Bakersville City,Midtown Railway Station,railNBM,railLAF,1,rail38south,,,,
,,,,,,,,,
New Bakersville City,North,railNBC,railTSA,1,rail29north,,,,
New Bakersville City,North,railNBC,railNBM,1,rail29south,rail40south,,,
New Bakersville City,North,railNBC,railJAI,1,rail40north,,,,
New Bakersville City,North,railNBC,airNBC,30,walk,,,,
,,,,,,,,,
New Bark Town,,railNBT,railNSS,1,rail40north,,,,
New Bark Town,,railNBT,railPHO,1,rail40south,,,,
,,,,,,,,,
New Beginnings,Bus Terminal,railNBU,railMCR,1,mcr2north,,,,
New Beginnings,Bus Terminal,railNBU,railSSM,1,mcr2south,,,,
,,,,,,,,,
New Beginnings,North,railNBN,railRYL,1,mcr5west,,,,
New Beginnings,North,railNBN,railNKT,1,mcr5east,,,,
,,,,,,,,,
New Cainport,Riverside Stadium,railNCP,railHEN,1,rail54south,,,,
,,,,,,,,,
New Gensokyo,Hakurei Shrine,railNGN,railNGY,1,rail7south,rail43east,,,
New Gensokyo,Hakurei Shrine,railNGN,railSVO,1,rail43west,,,,
,,,,,,,,,
New Gensokyo,Regional Airport,railNGY,railNGN,1,rail7north,rail43west,,,
New Gensokyo,Regional Airport,railNGY,railRNK,1,rail7south,,,,
New Gensokyo,Regional Airport,railNGY,railSHK,1,rail43east,,,,
New Gensokyo,Regional Airport,railNGY,airNGY,30,walk,,,,
,,,,,,,,,
New Phoenix,,railPHX,railBVC,1,rail34north,,,,
New Phoenix,,railPHX,railMAS,1,rail34south,,,,
New Phoenix,,railPHX,railBEN,1,rail48west,,,,
New Phoenix,,railPHX,railSPS,1,rail48east,rail54north,,,
,,,,,,,,,
New Stone City,South,railNSC,railNSV,1,mcr4north,,,,
New Stone City,South,railNSC,railRCJ,1,mcr4south,,,,
,,,,,,,,,
New Stone City,V44,railNSV,railALX,1,mcr4north,,,,
New Stone City,V44,railNSV,railNSC,1,mcr4south,,,,
,,,,,,,,,
Newport-on-Tay,,railNPT,railSPS,1,rail48west,,,,
Newport-on-Tay,,railNPT,railMAS,1,rail48east,,,,
,,,,,,,,,
Nightingale,,railNGT,railMET,1,rail66west,rail66Xwest,,,
Nightingale,,railNGT,railPMO,1,rail66east,rail66Xeast,,,
,,,,,,,,,
Nippia,,railNIP,railTAK,1,rail7north,,,,
Nippia,,railNIP,railBVC,1,rail7south,rail34south,,,
Nippia,,railNIP,railQUI,1,rail17west,,,,
Nippia,,railNIP,railCRP,1,rail17east,,,,
Nippia,,railNIP,railSIA,1,rail34north,,,,
,,,,,,,,,
Niwen,Train Station,railNIW,railBEC,1,rail43west,,,,
Niwen,Train Station,railNIW,railRIS,1,rail43east,,,,
,,,,,,,,,
North Haven,Downtown,railNHD,railMCI,1,rail34north,,,,
North Haven,Downtown,railNHD,railNHR,1,rail34south,,,,
,,,,,,,,,
North Haven,Riverside Airfield,railNHR,railNHD,1,rail34north,,,,
North Haven,Riverside Airfield,railNHR,railDSL,1,rail34south,,,,
North Haven,Riverside Airfield,railNHR,airNHR,30,walk,,,,
,,,,,,,,,
Northberg,South Station,railNSS,railACH,1,rail38north,,,,
Northberg,South Station,railNSS,railCOV,1,rail38south,,,,
Northberg,South Station,railNSS,railACC,1,rail40north,,,,
Northberg,South Station,railNSS,railNBT,1,rail40south,,,,
,,,,,,,,,
Northlend,Union Station,railNLD,railBRX,1,rail43west,,,,
Northlend,Union Station,railNLD,railSGV,1,rail43east,,,,
,,,,,,,,,
Nymphalia,Stellia Station,railNYM,railFCP,1,rail17west,,,,
Nymphalia,Stellia Station,railNYM,railPAD,1,rail17east,rail40north,,,
Nymphalia,Stellia Station,railNYM,railCNW,1,rail38north,,,,
Nymphalia,Stellia Station,railNYM,railNBM,1,rail38south,,,,
Nymphalia,Stellia Station,railNYM,railLNG,1,rail40south,,,,
,,,,,,,,,
Oparia,Downtown,railOPD,railOPA,1,rail29south,rail34south,,,
,,,,,,,,,
Oparia,LeTourneau International Airport,railOPA,railOPD,1,rail29north,rail34north,,,
Oparia,LeTourneau International Airport,railOPA,railCFA,1,rail29south,rail34south,,,
Oparia,LeTourneau International Airport,railOPA,airOPA,30,walk,,,,
,,,,,,,,,
Orange City,Junction,railOCJ,railVAL,1,mcr1west,,,,
Orange City,Junction,railOCJ,railEEP,1,mcr1east,,,,
Orange City,Junction,railOCJ,railORG,1,mcr1Asouth,,,,
,,,,,,,,,
Orange City,Proper,railORG,railOCJ,1,mcr1Anorth,,,,
,,,,,,,,,
Padagonia,,railPAD,railNYM,1,rail17west,rail40south,,,
Padagonia,,railPAD,railBRO,1,rail17east,rail40north,,,
,,,,,,,,,
Palemo,,railPMO,railNGT,1,rail66west,rail66Xwest,,,
Palemo,,railPMO,railPRS,1,rail66east,rail66Xeast,,,
,,,,,,,,,
Palestropol,North,railPAL,railCON,1,mcr6north,,,,
Palestropol,North,railPAL,railNKT,1,mcr6south,,,,
,,,,,,,,,
Pasadena,,railPAS,railWTU,1,rail56north,,,,
Pasadena,,railPAS,railHAR,1,rail56south,,,,
,,,,,,,,,
Peaslake,,railPEA,railNBB,1,rail29north,rail40north,,,
Peaslake,,railPEA,railVLM,1,rail29south,rail40south,,,
,,,,,,,,,
Peripotamia,,railPER,railANT,1,rail43west,,,,
Peripotamia,,railPER,railMMA,1,rail43east,,,,
,,,,,,,,,
Pilmont,,railPIL,railCFA,1,rail29north,rail43west,,,
Pilmont,,railPIL,railNAC,1,rail29south,rail43east,,,
,,,,,,,,,
Pine Mountain,,railPNE,railLAN,1,rail13south,,,,
,,,,,,,,,
Plage Rouge-Seki City,,railPRS,railPMO,1,rail66west,rail66Xwest,,,
Plage Rouge-Seki City,,railPRS,railUUM,1,rail66east,rail66Xeast,,,
,,,,,,,,,
Port Newbury,,railPNW,railTRE,1,mcr1west,,,,
Port Newbury,,railPNW,railGEM,1,mcr1east,,,,
,,,,,,,,,
Quarryville,,railQUA,railDBE,1,mcr1west,,,,
Quarryville,,railQUA,railVAL,1,mcr1east,,,,
,,,,,,,,,
Quiris,,railQUI,railHGT,1,rail17west,,,,
Quiris,,railQUI,railNIP,1,rail17east,,,,
,,,,,,,,,
Rank Resort,Central,railRNK,railNGY,1,rail7north,,,,
Rank Resort,Central,railRNK,railSGV,1,rail7south,,,,
Rank Resort,Central,railRNK,railRIS,1,rail43west,,,,
Rank Resort,Central,railRNK,railBRX,1,rail43east,,,,
,,,,,,,,,
Ravenna,Mountainside International Airport,railRAV,railSEU,1,rail29north,,,,
Ravenna,Mountainside International Airport,railRAV,railTIT,1,rail29south,,,,
Ravenna,Mountainside International Airport,railRAV,airRAV,30,walk,,,,
Ravenna,Mountainside International Airport,railRAV,busRAV,30,walk,,,,
,,,,,,,,,
Ravenna,Union Station,railRVU,railANA,1,rail17west,,,,
Ravenna,Union Station,railRVU,railTIT,1,rail17east,,,,
Ravenna,Union Station,railRVU,railENS,1,rail43west,,,,
,,,,,,,,,
Raymont,,railRAY,railADD,1,rail66west,,,,
Raymont,,railRAY,railBKS,1,rail66east,,,,
,,,,,,,,,
Redbridge,,railRBG,railUPW,1,rail63north,,,,
Redbridge,,railRBG,railMAN,1,rail63south,,,,
,,,,,,,,,
Redwood,,railRDW,railSBC,1,rail49north,,,,
Redwood,,railRDW,railSVT,1,rail49south,,,,
,,,,,,,,,
Richard's Junction,,railRCJ,railNSC,1,mcr4north,,,,
Richard's Junction,,railRCJ,railVLD,1,mcr4south,,,,
,,,,,,,,,
Risima,,railRIS,railNIW,1,rail43west,,,,
Risima,,railRIS,railRNK,1,rail43east,,,,
,,,,,,,,,
Riverpoint,,railRVP,railCHS,1,rail63north,,,,
Riverpoint,,railRVP,railCAD,1,rail63south,,,,
,,,,,,,,,
Rochshire,,railRCH,railCCW,1,rail32north,,,,
Rochshire,,railRCH,railATC,1,rail32south,,,,
,,,,,,,,,
Rockham,Central,railRHC,railRHN,1,rail49north,,,,
Rockham,Central,railRHC,railSYD,1,rail49south,,,,
,,,,,,,,,
Rockham,North,railRHN,railSCR,1,rail49north,,,,
Rockham,North,railRHN,railRHC,1,rail49south,,,,
,,,,,,,,,
Rosemary,,railRSE,railBCH,1,rail15north,,,,
Rosemary,,railRSE,railEAG,1,rail15south,,,,
,,,,,,,,,
Rosslyn,,railROS,railTRM,1,rail49north,,,,
Rosslyn,,railROS,railSBC,1,rail49south,,,,
,,,,,,,,,
Royal Ferry,Downtown,railRFD,railRFN,1,mcr3north,,,,
Royal Ferry,Downtown,railRFD,railCON,1,mcr3south,,,,
,,,,,,,,,
Royal Ferry,North,railRFN,railCCW,1,mcr3north,,,,
Royal Ferry,North,railRFN,railRFD,1,mcr3south,,,,
,,,,,,,,,
Royalston,,railRYL,railSDU,1,mcr5west,,,,
Royalston,,railRYL,railNBN,1,mcr5east,,,,
,,,,,,,,,
Saint Anna,,railANA,railCRP,1,rail17west,,,,
Saint Anna,,railANA,railRVU,1,rail17east,,,,
,,,,,,,,,
Saint Roux,Gare Orsay,railSXG,railPHO,1,rail40north,,,,
Saint Roux,Gare Orsay,railSXG,railMTG,1,rail40south,,,,
Saint Roux,Gare Orsay,railSXG,railIZU,1,rail42north,,,,
Saint Roux,Gare Orsay,railSXG,railNKT,1,mcr5west,,,,
,,,,,,,,,
San Dzobiak,Union Square,railSDU,railSCR,1,rail40north,rail49south,,,
San Dzobiak,Union Square,railSDU,railSLZ,1,rail40south,rail49north,rail50north,mcr5west,
San Dzobiak,Union Square,railSDU,railAST,1,rail50south,,,,
San Dzobiak,Union Square,railSDU,railRYL,1,mcr5east,,,,
,,,,,,,,,
San Vantino,,railSVT,railRDW,1,rail49north,,,,
San Vantino,,railSVT,railDND,1,rail49south,,,,
,,,,,,,,,
Savacaci,,railSVC,railASK,1,rail32north,,,,
Savacaci,,railSVC,railMMC,1,rail32south,,,,
,,,,,,,,,
Savage City,,railSVG,railWLW,1,rail15north,rail57north,,,
Savage City,,railSVG,railBCH,1,rail15south,,,,
Savage City,,railSVG,railVGJ,1,rail57south,,,,
,,,,,,,,,
Scarborough,IntraRail Station,railSCR,railMTG,1,rail40north,,,,
Scarborough,IntraRail Station,railSCR,railSDU,1,rail40south,rail49north,,,
Scarborough,IntraRail Station,railSCR,railRHN,1,rail49south,,,,
,,,,,,,,,
Scarborough,MCR HQ,railMCR,railTHU,1,mcr2north,,,,
Scarborough,MCR HQ,railMCR,railNBU,1,mcr2south,,,,
,,,,,,,,,
Scarborough,New Kent Terminal,railNKT,railNBN,1,mcr5west,,,,
Scarborough,New Kent Terminal,railNKT,railSXG,1,mcr5east,,,,
Scarborough,New Kent Terminal,railNKT,railPAL,1,mcr6north,,,,
,,,,,,,,,
Schillerton,Maple Street,railSHM,railWHO,1,rail11north,,,,
Schillerton,Maple Street,railSHM,railZER,1,rail11south,mcr1east,,,
Schillerton,Maple Street,railSHM,railEEP,1,mcr1west,,,,
Schillerton,Maple Street,railSHM,bahnSHD,30,walk,,,,
,,,,,,,,,
Sealane,Central,railSEA,railBTS,1,rail6north,,,,
Sealane,Central,railSEA,railCWE,1,rail6south,rail7south,,,
Sealane,Central,railSEA,railBTN,1,rail7north,,,,
,,,,,,,,,
Sealane,New Forest Terminal,railSNF,railBTN,1,rail70north,,,,
,,,,,,,,,
Sealane,Wallowyn,railWYN,railFRM,1,mcr6north,,,,
Sealane,Wallowyn,railWYN,railMSM,1,mcr6north,,,,
,,,,,,,,,
Segav Sal,,railSGV,railRNK,1,rail7north,,,,
Segav Sal,,railSGV,railCFA,1,rail7south,,,,
Segav Sal,,railSGV,railNLD,1,rail43west,,,,
Segav Sal,,railSGV,railWCF,1,rail43east,,,,
,,,,,,,,,
Segville,Grand Central,railSGC,railSEG,1,rail18west,,,,
,,,,,,,,,
Segville,International Airport,railSEG,railUTP,1,rail3west,,,,
Segville,International Airport,railSEG,railCON,1,rail3east,,,,
Segville,International Airport,railSEG,railCWE,1,rail6north,rail7north,,,
Segville,International Airport,railSEG,railSLZ,1,rail6south,,,,
Segville,International Airport,railSEG,railZQT,1,rail7south,,,,
Segville,International Airport,railSEG,railSGC,1,rail18east,,,,
Segville,International Airport,railSEG,airSEG,30,walk,,,,
,,,,,,,,,
Sesby,Central,railSES,railLAF,1,rail40north,,,,
Sesby,Central,railSES,railACH,1,rail40south,,,,
,,,,,,,,,
Seuland,,railSEU,railMMA,1,rail29north,,,,
Seuland,,railSEU,railRAV,1,rail29south,,,,
,,,,,,,,,
Shadowpoint,Capitol Union Station,railSCU,railGBE,1,rail54north,,,,
Shadowpoint,Capitol Union Station,railSCU,railSOT,1,rail54south,,,,
,,,,,,,,,
Shadowpoint,Old Town,railSOT,railSCU,1,rail54north,,,,
Shadowpoint,Old Town,railSOT,railSPS,1,rail54south,,,,
,,,,,,,,,
Shadowpoint,South,railSPS,railPHX,1,rail48west,rail54south,,,
Shadowpoint,South,railSPS,railNPT,1,rail48east,,,,
Shadowpoint,South,railSPS,railSOT,1,rail54north,,,,
,,,,,,,,,
Shady Grove,,railSDY,railUTP,1,mcr6north,,,,
Shady Grove,,railSDY,railCON,1,mcr6south,,,,
,,,,,,,,,
Shark Town,,railSHK,railNGY,1,rail43west,,,,
Shark Town,,railSHK,railBEC,1,rail43east,,,,
,,,,,,,,,
Siletz,Salvador Station,railSLZ,railCON,1,rail3west,,,,
Siletz,Salvador Station,railSLZ,railSEG,1,rail6north,,,,
Siletz,Salvador Station,railSLZ,railDAB,1,rail29north,,,,
Siletz,Salvador Station,railSLZ,railMTH,1,rail29south,,,,
Siletz,Salvador Station,railSLZ,railWDB,1,rail32north,,,,
Siletz,Salvador Station,railSLZ,railATC,1,rail34north,rail38north,,,
Siletz,Salvador Station,railSLZ,railZQT,1,rail34south,,,,
Siletz,Salvador Station,railSLZ,railSDU,1,rail40north,rail49south,rail50south,mcr5east,
Siletz,Salvador Station,railSLZ,railSYL,1,rail40south,,,,
Siletz,Salvador Station,railSLZ,airSUA,30,walk,,,,
Siletz,Salvador Station,railSLZ,busSLZ,30,walk,,,,
,,,,,,,,,
Skogheim,Central,railSKO,railBOR,1,rail15south,,,,
Skogheim,Central,railSKO,railICL,1,rail26south,,,,
,,,,,,,,,
Snowtopic,,railSNW,railLRK,1,rail26north,,,,
Snowtopic,,railSNW,railLUC,1,rail26south,,,,
Snowtopic,,railSNW,railAMD,1,rail56south,,,,
,,,,,,,,,
South Oaksville,,railSOK,railSYD,1,rail49north,,,,
South Oaksville,,railSOK,railLEV,1,rail49south,,,,
,,,,,,,,,
South Side,,railSSD,railDNS,1,rail51west,,,,
South Side,,railSSD,railVIC,1,rail51east,,,,
,,,,,,,,,
Southburg,Central,railSBC,railROS,1,rail49north,,,,
Southburg,Central,railSBC,railRDW,1,rail49south,,,,
Southburg,Central,railSBC,railBCJ,1,rail50north,,,,
Southburg,Central,railSBC,railVCP,1,rail50south,,,,
,,,,,,,,,
Southlake,,railSLK,railKLV,1,rail4west,rail49south,,,
Southlake,,railSLK,railAST,1,rail4east,rail49north,,,
,,,,,,,,,
Southland,,railSLN,railFLV,1,rail51west,,,,
Southland,,railSLN,railFUL,1,rail51east,,,,
,,,,,,,,,
Southport,,railSPT,railZUC,1,rail51west,,,,
Southport,,railSPT,railMUR,1,rail51east,,,,
,,,,,,,,,
Southport-sur-mer,,railSSM,railNBU,1,mcr2north,,,,
Southport-sur-mer,,railSSM,railMMR,1,mcr2south,,,,
,,,,,,,,,
Spring Valley,Airfield,railSVA,railEAG,1,rail15north,,,,
Spring Valley,Airfield,railSVA,railSVF,1,rail15south,,,,
Spring Valley,Airfield,railSVA,airSVA,30,walk,,,,
,,,,,,,,,
Spring Valley,Fifth Street,railSVF,railSVA,1,rail15north,,,,
Spring Valley,Fifth Street,railSVF,railMOR,1,rail15south,,,,
Spring Valley,Fifth Street,railSVF,railSTR,1,rail32north,,,,
Spring Valley,Fifth Street,railSVF,railNAU,1,rail32south,,,,
,,,,,,,,,
Spruce Neck,,railSNK,railASH,1,rail6north,,,,
Spruce Neck,,railSNK,railBTN,1,rail6south,,,,
Spruce Neck,,railSNK,airSNK,30,walk,,,,
,,,,,,,,,
Spruce Plains,,railSPP,railARN,1,rail56north,,,,
Spruce Plains,,railSPP,railWSH,1,rail56south,,,,
,,,,,,,,,
Storalisburg,,railSTR,railFTL,1,rail32north,,,,
Storalisburg,,railSTR,railSVF,1,rail32south,,,,
,,,,,,,,,
Sunset Pass,,railSSP,railCHY,1,rail66west,,,,
Sunset Pass,,railSSP,railTAI,1,rail66east,,,,
,,,,,,,,,
Sunshine Coast,Cacto Regional Airport,railSSR,railSOC,1,rail52west,,,,
Sunshine Coast,Cacto Regional Airport,railSSR,airSSR,30,walk,,,,
,,,,,,,,,
Sunshine Coast,Máspalmas International Airport,railSSI,railMAX,1,rail50north,,,,
Sunshine Coast,Máspalmas International Airport,railSSI,railSUN,1,rail50south,rail51east,rail52east,,
Sunshine Coast,Máspalmas International Airport,railSSI,railDNA,1,rail51west,rail52west,,,
Sunshine Coast,Máspalmas International Airport,railSSI,airSSI,30,walk,,,,
,,,,,,,,,
Sunshine Coast,Máspalmas Terminal,railSUN,railSSI,1,rail50north,rail51west,rail52west,,
Sunshine Coast,Máspalmas Terminal,railSUN,railSOC,1,rail52east,,,,
,,,,,,,,,
Sunshine Coast,Old City Hall,railSOC,railSUN,1,rail52west,,,,
Sunshine Coast,Old City Hall,railSOC,raulSSR,1,rail52east,,,,
,,,,,,,,,
Svobodny,,railSVO,railFUN,1,rail43west,,,,
Svobodny,,railSVO,railNGN,1,rail43east,,,,
,,,,,,,,,
Sweetridge,,railSWE,railUPG,1,rail59north,,,,
Sweetridge,,railSWE,railBRS,1,rail59south,,,,
,,,,,,,,,
Sydney,,railSYD,railRHC,1,rail49north,,,,
Sydney,,railSYD,railSOK,1,rail49south,,,,
,,,,,,,,,
Sylvania,Union,railSYL,railSLZ,1,rail40north,,,,
Sylvania,Union,railSYL,railTRI,1,rail40south,,,,
,,,,,,,,,
Taiga Hills,,railTAI,railSSP,1,rail66west,,,,
Taiga Hills,,railTAI,railADD,1,rail66east,,,,
,,,,,,,,,
Takasaki,,railTAK,railSIA,1,rail7north,,,,
Takasaki,,railTAK,railNIP,1,rail7south,,,,
,,,,,,,,,
Tembok,Railway Station,railTEM,railCHN,1,mcr9north,,,,
,,,,,,,,,
Thunderbird,,railTHU,railMCR,1,mcr2south,,,,
,,,,,,,,,
Titsensaki,Ironhill,railTIT,railRVU,1,rail17west,,,,
Titsensaki,Ironhill,railTIT,railFCP,1,rail17east,,,,
Titsensaki,Ironhill,railTIT,railRAV,1,rail29north,,,,
Titsensaki,Ironhill,railTIT,railTSA,1,rail29south,,,,
,,,,,,,,,
Titsensaki,Sealerwhale International Airport,railTSA,railTIT,1,rail29north,,,,
Titsensaki,Sealerwhale International Airport,railTSA,railNBC,1,rail29south,,,,
Titsensaki,Sealerwhale International Airport,railTSA,airTSA,,,,,,
,,,,,,,,,
Totsworth,Dublin Street,railTOT,railTWJ,1,rail23north,,,,
,,,,,,,,,
Totsworth,Junction,railTWJ,railHMP,1,rail1west,,,,
Totsworth,Junction,railTWJ,railBRD,1,rail1east,,,,
Totsworth,Junction,railTWJ,railTOT,1,rail23south,,,,
,,,,,,,,,
Tranquil Forest,Central,railTRQ,railWYT,1,rail4west,,,,
,,,,,,,,,
Trente,,railTRE,railKAN,1,mcr1west,,,,
Trente,,railTRE,railPNW,1,mcr1east,,,,
,,,,,,,,,
Upington,,railUPG,railFUN,1,rail43east,,,,
Upington,,railUPG,railWRS,1,rail58north,,,,
Upington,,railUPG,railSWE,1,rail59south,,,,
,,,,,,,,,
Upton Ulster,Mensah Central Station,railUUM,railPRS,1,rail66west,rail66Xwest,,,
Upton Ulster,Mensah Central Station,railUUM,railESM,1,rail66east,rail66Xeast,rail67north,,
Upton Ulster,Mensah Central Station,railUUM,railAIS,1,rail67south,,,,
,,,,,,,,,
Upwick,,railUPW,railCNW,1,rail63north,,,,
Upwick,,railUPW,railRBG,1,rail63south,,,,
,,,,,,,,,
Utopia,Anthony Fokker Transit Hub,railAFK,railUTP,1,rail3east,rail15south,,,
Utopia,Anthony Fokker Transit Hub,railAFK,railMUS,1,rail11north,rail15north,,,
Utopia,Anthony Fokker Transit Hub,railAFK,railVEN,1,rail11south,,,,
Utopia,Anthony Fokker Transit Hub,railAFK,railKPC,1,rail20west,,,,
Utopia,Anthony Fokker Transit Hub,railAFK,airAFK,30,walk,,,,
Utopia,Anthony Fokker Transit Hub,railAFK,busAFK,30,walk,,,,
,,,,,,,,,
Utopia,Plano,railUTP,railAFK,1,rail3west,rail15north,,,
Utopia,Plano,railUTP,railSEG,1,rail3east,,,,
Utopia,Plano,railUTP,railDLC,1,rail15south,,,,
Utopia,Plano,railUTP,railMUS,1,mcr6north,,,,
Utopia,Plano,railUTP,railSDY,1,mcr6south,,,,
,,,,,,,,,
Valemount,,railVLM,railPEA,1,rail29north,rail40north,,,
Valemount,,railVLM,railLAF,1,rail29south,rail40south,,,
,,,,,,,,,
Valence,,railVAL,railQUA,1,mcr1west,,,,
Valence,,railVAL,railOCJ,1,mcr1east,,,,
,,,,,,,,,
Vegeta,Junction,railVGJ,railSVG,1,rail57north,,,,
Vegeta,Junction,railVGJ,airVCA,30,walk,,,,
,,,,,,,,,
Veldberg,SE7,railVLD,railVPR,1,rail51west,,,,
Veldberg,SE7,railVLD,railCAC,1,rail51east,,,,
Veldberg,SE7,railVLD,railRCJ,1,mcr4north,,,,
Veldberg,SE7,railVLD,railVLH,1,mcr4south,,,,
Veldberg,SE7,railVLD,railVSE,1,mcr8west,,,,
Veldberg,SE7,railVLD,railCTS,1,mcr8east,,,,
,,,,,,,,,
Veldberg,Helipad,railVLH,railVLD,1,mcr4north,,,,
Veldberg,Helipad,railVLH,railVLK,1,mcr4south,,,,
,,,,,,,,,
Veldberg,Klipberg,railVLK,railVLH,1,mcr4north,,,,
,,,,,,,,,
Venceslo,Union Station,railVEN,railAFK,1,rail11north,,,,
Venceslo,Union Station,railVEN,railWTS,1,rail11south,,,,
,,,,,,,,,
Verdantium,Fenwick Square,railVFS,railCNW,1,rail17west,rail38south,rail40south,rail63south,rail64south
,,,,,,,,,
Vermilion,Victory Square,railVVS,railITC,1,rail15north,rail32north,,,
Vermilion,Victory Square,railVVS,railKNX,1,rail15south,,,,
Vermilion,Victory Square,railVVS,railEZO,1,rail32south,,,,
,,,,,,,,,
Victoria,Coastal Point,railVCP,railSBC,1,rail50north,,,,
Victoria,Coastal Point,railVCP,railVIC,1,rail50south,,,,
,,,,,,,,,
Victoria,International Airport,railVIC,railVCP,1,rail50north,,,,
Victoria,International Airport,railVIC,railVPR,1,rail50south,rail51east,,,
Victoria,International Airport,railVIC,railSSD,1,rail51west,,,,
Victoria,International Airport,railVIC,airVIC,30,walk,,,,
,,,,,,,,,
Victoria,Preston,railVPR,railVIC,1,rail50north,rail51west,,,
Victoria,Preston,railVPR,railMUR,1,rail50south,,,,
Victoria,Preston,railVPR,railVLD,1,rail51east,,,,
,,,,,,,,,
Victoria,Southeast,railVSE,railEDW,1,mcr8west,,,,
Victoria,Southeast,railVSE,railVLD,1,mcr8east,,,,
,,,,,,,,,
Volkov Bay,,railVKB,railMOJ,1,mcr7north,,,,
,,,,,,,,,
Washingcube,,railWSH,railWHB,1,rail32north,,,,
Washingcube,,railWSH,railFSH,1,rail32south,,,,
Washingcube,,railWSH,railSPP,1,rail56north,,,,
Washingcube,,railWSH,railWCD,1,rail56south,,,,
,,,,,,,,,
Waterville,Downtown,railWTD,railAMD,1,rail26north,,,,
Waterville,Downtown,railWTD,railWTU,1,rail26south,,,,
,,,,,,,,,
Waterville,Union Station,railWTU,railWTD,1,rail26north,,,,
Waterville,Union Station,railWTU,railHZN,1,rail26south,,,,
Waterville,Union Station,railWTU,railAMD,1,rail56north,,,,
Waterville,Union Station,railWTU,railPAS,1,rail56south,,,,
,,,,,,,,,
Waverly,Edinburgh Station,railWAV,railWVJ,1,rail16north,,,,
Waverly,Edinburgh Station,railWAV,railBRD,1,rail16south,,,,
Waverly,Edinburgh Station,railWAV,airWAV,30,walk,,,,
,,,,,,,,,
Waverly,Junction,railWVJ,railEUV,1,rail16north,,,,
Waverly,Junction,railWVJ,railWAV,1,rail16south,,,,
,,,,,,,,,
Weezerville,,railWEZ,railDBV,1,mcr7north,,,,
Weezerville,,railWEZ,railMOJ,1,mcr7south,,,,
,,,,,,,,,
West Calbar,Downtown,railWCD,railWHB,1,rail6north,rail56south,,,
West Calbar,Downtown,railWCD,railAMW,1,rail6south,,,,
West Calbar,Downtown,railWCD,railWSH,1,rail56north,,,,
,,,,,,,,,
Westburg-Central City,Beltway Terminal South,railBTS,railBTN,1,rail6north,mcr6north,,,
Westburg-Central City,Beltway Terminal South,railBTS,railSEA,1,rail6south,,,,
Westburg-Central City,Beltway Terminal South,railBTS,railFRM,1,mcr6south,,,,
,,,,,,,,,
Whitechapel,Border,railWHB,railWCD,1,rail6south,rail56north,,,
Whitechapel,Border,railWHB,railWSH,1,rail32south,,,,
,,,,,,,,,
Whitecliff,Central,railWCF,railSGV,1,rail43west,,,,
Whitecliff,Central,railWCF,railCFA,1,rail43east,,,,
,,,,,,,,,
Whiteley,Olympia-Cacturne Boulevards,railWHO,railBRD,1,rail1west,,,,
Whiteley,Olympia-Cacturne Boulevards,railWHO,railZQT,1,rail1east,,,,
Whiteley,Olympia-Cacturne Boulevards,railWHO,railWTS,1,rail11north,,,,
Whiteley,Olympia-Cacturne Boulevards,railWHO,railSHM,1,rail11south,,,,
Whiteley,Olympia-Cacturne Boulevards,railWHO,bahnWHO,30,walk,,,,
Whiteley,Olympia-Cacturne Boulevards,railWHO,busWHO,30,walk,,,,
,,,,,,,,,
Whiteley,Turing Square,railWTS,railVEN,1,rail11north,,,,
Whiteley,Turing Square,railWTS,railWHO,1,rail11south,,,,
,,,,,,,,,
Williamsburg,,railWLB,railDIG,1,rail33north,,,,
Williamsburg,,railWLB,railGZA,1,rail33south,,,,
,,,,,,,,,
Willow,Unrealistic Transport Terminal,railWLW,railBOR,1,rail15north,,,,
Willow,Unrealistic Transport Terminal,railWLW,railSVG,1,rail15south,rail57south,,,
Willow,Unrealistic Transport Terminal,railWLW,railLRK,1,rail57north,,,,
,,,,,,,,,
Winterberg,,railWBG,railBCJ,1,rail49north,,,,
Winterberg,,railWBG,railTRM,1,rail49south,,,,
,,,,,,,,,
Winterside,,railWNS,railHND,1,rail54north,,,,
,,,,,,,,,
Woodford,,railWDF,railLNG,1,rail40north,,,,
Woodford,,railWDF,railGNF,1,rail40south,,,,
,,,,,,,,,
Woodsbane,,railWDB,railATC,1,rail29north,rail32south,,,
Woodsbane,,railWDB,railDAB,1,rail29south,,,,
Woodsbane,,railWDB,railSLZ,1,rail32north,,,,
,,,,,,,,,
Wythern,Transit Hub,railWYT,railAST,1,rail4west,,,,
Wythern,Transit Hub,railWYT,railTRQ,1,rail4east,,,,
,,,,,,,,,
Zaquar,Diamondplex Arena,railZQD,railZQH,1,rail2north,,,,
Zaquar,Diamondplex Arena,railZQD,railZQW,1,rail2south,,,,
,,,,,,,,,
Zaquar,Hummingbird Dock,railZQH,railZQN,1,rail2north,,,,
Zaquar,Hummingbird Dock,railZQH,railZQD,1,rail2south,,,,
,,,,,,,,,
Zaquar,Ménage et Trois Regional Airport,railZAQ,railZQW,1,rail2north,,,,
Zaquar,Ménage et Trois Regional Airport,railZAQ,railZQT,1,rail2south,,,,
Zaquar,Ménage et Trois Regional Airport,railZAQ,airZAQ,30,walk,,,,
Zaquar,Ménage et Trois Regional Airport,railZAQ,bahnZQA,30,walk,,,,
Zaquar,Ménage et Trois Regional Airport,railZAQ,busZAQ,30,walk,,,,
,,,,,,,,,
Zaquar,North,railZQN,railZQS,1,rail2north,,,,
Zaquar,North,railZQN,railZQH,1,rail2south,,,,
Zaquar,North,railZQN,railCHZ,1,rail29north,,,,
Zaquar,North,railZQN,railZQT,1,rail29south,,,,
,,,,,,,,,
Zaquar,Shores,railZQS,railZQN,1,rail2south,,,,
,,,,,,,,,
Zaquar,Tanzanite Station,railZQT,railWHO,1,rail1west,,,,
Zaquar,Tanzanite Station,railZQT,railZAQ,1,rail2north,,,,
Zaquar,Tanzanite Station,railZQT,railEBN,1,rail4east,rail49north,rail50north,,
Zaquar,Tanzanite Station,railZQT,railSEG,1,rail7north,,,,
Zaquar,Tanzanite Station,railZQT,railMTH,1,rail15north,,,,
Zaquar,Tanzanite Station,railZQT,railFYC,1,rail21eaat,,,,
Zaquar,Tanzanite Station,railZQT,railZQN,1,rail29north,,,,
Zaquar,Tanzanite Station,railZQT,railSLZ,1,rail34north,,,,
Zaquar,Tanzanite Station,railZQT,railBSI,1,rail40south,,,,
Zaquar,Tanzanite Station,railZQT,railBCJ,1,rail50south,,,,
Zaquar,Tanzanite Station,railZQT,railZER,1,mcr1west,,,,
Zaquar,Tanzanite Station,railZQT,bahnZQT,30,walk,,,,
,,,,,,,,,
Zaquar,Winfrey Waterport,railZQW,railZQD,1,rail2north,,,,
Zaquar,Winfrey Waterport,railZQW,railZAQ,1,rail2south,,,,
Zaquar,Winfrey Waterport,railZQW,sailZQW,30,walk,,,,
,,,,,,,,,
Zerez,Central,railZER,railSHM,1,rail11north,mcr1west,,,
Zerez,Central,railZER,railBCJ,1,rail11south,,,,
Zerez,Central,railZER,railZQT,1,mcr1east,,,,
,,,,,,,,,
Zuckerberg,,railZUC,railLCH,1,rail51west,,,,
Zuckerberg,,railZUC,railSPT,1,rail51east,,,,